TRACE_INDEX,TIMESTAMP,NumImages,ContextTokens,GeneratedTokens,SOURCE_ROW,ARRIVAL_OFFSET_S,INTER_ARRIVAL_S
0,2024-10-16T08:36:32.709Z,1,3324,170,150629,0.000000000,0.000000000
1,2024-10-16T08:36:32.769Z,0,852,54,150630,0.060000181,0.060000181
2,2024-10-16T08:36:32.785Z,0,592,338,150631,0.075999975,0.015999794
3,2024-10-16T08:36:32.964Z,0,244,59,150632,0.255000114,0.179000139
4,2024-10-16T08:36:34.957Z,0,379,121,150633,2.248000145,1.993000031
5,2024-10-16T08:36:35.487Z,0,259,52,150634,2.778000116,0.529999971
6,2024-10-16T08:36:36.766Z,0,46,33,150635,4.057000160,1.279000044
7,2024-10-16T08:36:39.860Z,0,3572,623,150636,7.151000023,3.093999863
8,2024-10-16T08:36:40.611Z,0,1444,104,150637,7.902000189,0.751000166
9,2024-10-16T08:36:42.563Z,0,5182,26,150638,9.854000092,1.951999903
10,2024-10-16T08:36:45.605Z,0,1142,16,150639,12.896000147,3.042000055
11,2024-10-16T08:36:45.672Z,0,350,186,150640,12.963000059,0.066999912
12,2024-10-16T08:36:46.039Z,0,126,11,150641,13.330000162,0.367000103
13,2024-10-16T08:36:46.480Z,0,6779,397,150642,13.771000147,0.440999985
14,2024-10-16T08:36:48.212Z,25,7938,550,150643,15.503000021,1.731999874
15,2024-10-16T08:36:48.359Z,0,347,157,150644,15.650000095,0.147000074
16,2024-10-16T08:36:53.611Z,0,157,78,150645,20.902000189,5.252000093
17,2024-10-16T08:36:53.834Z,0,844,547,150646,21.125000000,0.222999811
18,2024-10-16T08:36:54.019Z,0,250,16,150647,21.310000181,0.185000181
19,2024-10-16T08:36:54.862Z,0,2060,641,150648,22.153000355,0.843000174
20,2024-10-16T08:36:55.413Z,0,566,54,150649,22.703999996,0.550999641
21,2024-10-16T08:36:56.260Z,0,107,11,150650,23.551000118,0.847000122
22,2024-10-16T08:36:59.075Z,0,473,51,150651,26.366000175,2.815000057
23,2024-10-16T08:37:01.230Z,0,414,13,150652,28.521000147,2.154999971
24,2024-10-16T08:37:02.567Z,0,3737,321,150653,29.858000278,1.337000132
25,2024-10-16T08:37:02.604Z,0,136,16,150654,29.895000219,0.036999941
26,2024-10-16T08:37:03.111Z,0,142,13,150655,30.402000189,0.506999969
27,2024-10-16T08:37:03.269Z,0,149,12,150656,30.560000181,0.157999992
28,2024-10-16T08:37:03.811Z,0,750,67,150657,31.102000237,0.542000055
29,2024-10-16T08:37:03.819Z,0,285,8,150658,31.110000134,0.007999897
30,2024-10-16T08:37:04.830Z,0,2039,64,150659,32.121000290,1.011000156
31,2024-10-16T08:37:04.920Z,0,398,61,150660,32.211000204,0.089999914
32,2024-10-16T08:37:05.347Z,0,473,3,150661,32.638000250,0.427000046
33,2024-10-16T08:37:09.829Z,0,250,452,150662,37.120000124,4.481999874
34,2024-10-16T08:37:11.322Z,0,5885,315,150663,38.612999916,1.492999792
35,2024-10-16T08:37:11.419Z,0,4094,184,150664,38.710000277,0.097000360
36,2024-10-16T08:37:11.710Z,0,804,85,150665,39.001000166,0.290999889
37,2024-10-16T08:37:11.712Z,0,241,12,150666,39.003000021,0.001999855
38,2024-10-16T08:37:12.585Z,0,706,69,150667,39.876000166,0.873000145
39,2024-10-16T08:37:13.009Z,0,6214,42,150668,40.299999952,0.423999786
40,2024-10-16T08:37:13.760Z,0,1429,2,150669,41.051000118,0.751000166
41,2024-10-16T08:37:13.864Z,0,374,92,150670,41.155000210,0.104000092
42,2024-10-16T08:37:16.021Z,0,1073,136,150671,43.312000036,2.156999826
43,2024-10-16T08:37:18.771Z,0,939,67,150672,46.062000275,2.750000238
44,2024-10-16T08:37:19.413Z,0,260,13,150673,46.703999996,0.641999722
45,2024-10-16T08:37:19.488Z,0,141,4,150674,46.779000044,0.075000048
46,2024-10-16T08:37:20.368Z,0,605,231,150675,47.659000158,0.880000114
47,2024-10-16T08:37:21.459Z,0,1006,84,150676,48.750000238,1.091000080
48,2024-10-16T08:37:22.725Z,0,240,304,150677,50.016000032,1.265999794
49,2024-10-16T08:37:27.348Z,9,5201,10,150678,54.639000177,4.623000145
50,2024-10-16T08:37:27.611Z,0,6223,62,150679,54.902000189,0.263000011
51,2024-10-16T08:37:29.725Z,1,390,54,150680,57.016000032,2.113999844
52,2024-10-16T08:37:29.920Z,0,2035,175,150681,57.211000204,0.195000172
53,2024-10-16T08:37:30.605Z,0,1576,270,150682,57.896000147,0.684999943
54,2024-10-16T08:37:31.519Z,0,5427,20,150683,58.810000181,0.914000034
55,2024-10-16T08:37:32.510Z,0,380,600,150684,59.801000357,0.991000175
56,2024-10-16T08:37:32.849Z,9,5327,10,150685,60.140000105,0.338999748
57,2024-10-16T08:37:33.459Z,1,1110,94,150686,60.750000238,0.610000134
58,2024-10-16T08:37:33.476Z,1,881,26,150687,60.767000198,0.016999960
59,2024-10-16T08:37:33.852Z,1,928,28,150688,61.143000126,0.375999928
60,2024-10-16T08:37:34.459Z,1,1807,34,150689,61.750000238,0.607000113
61,2024-10-16T08:37:38.226Z,1,629,231,150690,65.516999960,3.766999722
62,2024-10-16T08:37:38.459Z,9,5166,10,150691,65.750000238,0.233000278
63,2024-10-16T08:37:38.519Z,1,1164,97,150692,65.810000181,0.059999943
64,2024-10-16T08:37:39.983Z,1,931,1,150693,67.274000168,1.463999987
65,2024-10-16T08:37:40.027Z,0,861,36,150694,67.318000078,0.043999910
66,2024-10-16T08:37:40.099Z,1,2159,129,150695,67.390000105,0.072000027
67,2024-10-16T08:37:40.229Z,9,5659,191,150696,67.519999981,0.129999876
68,2024-10-16T08:37:40.727Z,1,432,129,150697,68.018000126,0.498000145
69,2024-10-16T08:37:41.098Z,1,1518,17,150698,68.388999939,0.370999813
70,2024-10-16T08:37:41.351Z,9,5222,182,150699,68.642000198,0.253000259
71,2024-10-16T08:37:41.728Z,1,2155,195,150700,69.019000053,0.376999855
72,2024-10-16T08:37:41.965Z,1,1932,91,150701,69.256000042,0.236999989
73,2024-10-16T08:37:42.170Z,1,1297,101,150702,69.460999966,0.204999924
74,2024-10-16T08:37:42.385Z,0,2814,89,150703,69.676000118,0.215000153
75,2024-10-16T08:37:42.483Z,36,12522,10,150704,69.774000168,0.098000050
76,2024-10-16T08:37:42.675Z,1,341,37,150705,69.966000080,0.191999912
77,2024-10-16T08:37:42.769Z,1,2139,165,150706,70.060000181,0.094000101
78,2024-10-16T08:37:42.964Z,1,1409,67,150707,70.255000114,0.194999933
79,2024-10-16T08:37:43.170Z,1,532,71,150708,70.460999966,0.205999851
80,2024-10-16T08:37:43.349Z,1,988,85,150709,70.640000105,0.179000139
81,2024-10-16T08:37:43.419Z,1,1577,120,150710,70.710000277,0.070000172
82,2024-10-16T08:37:43.463Z,0,382,175,150711,70.754000187,0.043999910
83,2024-10-16T08:37:44.420Z,1,853,144,150712,71.711000204,0.957000017
84,2024-10-16T08:37:44.713Z,1,1409,51,150713,72.003999949,0.292999744
85,2024-10-16T08:37:45.348Z,9,5659,296,150714,72.639000177,0.635000229
86,2024-10-16T08:37:45.421Z,9,5659,197,150715,72.712000132,0.072999954
87,2024-10-16T08:37:45.678Z,1,1183,345,150716,72.969000340,0.257000208
88,2024-10-16T08:37:46.019Z,1,898,221,150717,73.310000181,0.340999842
89,2024-10-16T08:37:46.214Z,1,1715,44,150718,73.505000353,0.195000172
90,2024-10-16T08:37:46.729Z,1,1183,373,150719,74.019999981,0.514999628
91,2024-10-16T08:37:46.835Z,0,1687,471,150720,74.126000166,0.106000185
92,2024-10-16T08:37:46.926Z,1,1771,31,150721,74.217000246,0.091000080
93,2024-10-16T08:37:47.094Z,0,1266,297,150722,74.385000229,0.167999983
94,2024-10-16T08:37:47.769Z,0,3585,324,150723,75.060000181,0.674999952
95,2024-10-16T08:37:47.794Z,0,708,1000,150724,75.085000038,0.024999857
96,2024-10-16T08:37:48.480Z,1,693,74,150725,75.771000147,0.686000109
97,2024-10-16T08:37:48.919Z,1,279,52,150726,76.210000277,0.439000130
98,2024-10-16T08:37:49.076Z,0,1781,289,150727,76.367000103,0.156999826
99,2024-10-16T08:37:49.091Z,0,3112,540,150728,76.382000208,0.015000105
100,2024-10-16T08:37:49.169Z,1,1501,68,150729,76.460000038,0.077999830
101,2024-10-16T08:37:49.967Z,0,211,67,150730,77.258000135,0.798000097
102,2024-10-16T08:37:49.967Z,1,1704,53,150731,77.258000135,0.000000000
103,2024-10-16T08:37:50.099Z,9,5010,10,150732,77.390000105,0.131999969
104,2024-10-16T08:37:50.347Z,0,2814,381,150733,77.638000250,0.248000145
105,2024-10-16T08:37:50.851Z,4,2715,249,150734,78.142000198,0.503999949
106,2024-10-16T08:37:51.633Z,0,825,30,150735,78.924000025,0.781999826
107,2024-10-16T08:37:51.729Z,1,1516,28,150736,79.019999981,0.095999956
108,2024-10-16T08:37:52.731Z,9,5920,185,150737,80.022000074,1.002000093
109,2024-10-16T08:37:53.964Z,1,8201,87,150738,81.255000114,1.233000040
110,2024-10-16T08:37:54.101Z,1,1042,196,150739,81.391999960,0.136999846
111,2024-10-16T08:37:54.355Z,0,780,278,150740,81.646000147,0.254000187
112,2024-10-16T08:37:55.103Z,1,2924,228,150741,82.394000292,0.748000145
113,2024-10-16T08:37:55.479Z,1,3687,237,150742,82.770000219,0.375999928
114,2024-10-16T08:37:55.675Z,0,748,44,150743,82.966000080,0.195999861
115,2024-10-16T08:37:55.675Z,1,857,40,150744,82.966000080,0.000000000
116,2024-10-16T08:37:55.875Z,0,107,1,150745,83.166000128,0.200000048
117,2024-10-16T08:37:56.227Z,1,2652,117,150746,83.518000126,0.351999998
118,2024-10-16T08:37:56.353Z,16,7577,436,150747,83.644000053,0.125999928
119,2024-10-16T08:37:56.679Z,1,1168,81,150748,83.970000267,0.326000214
120,2024-10-16T08:37:56.982Z,1,1738,116,150749,84.273000240,0.302999973
121,2024-10-16T08:37:57.219Z,1,920,217,150750,84.510000229,0.236999989
122,2024-10-16T08:37:57.261Z,1,261,34,150751,84.552000046,0.041999817
123,2024-10-16T08:37:57.423Z,1,1668,119,150752,84.714000225,0.162000179
124,2024-10-16T08:37:57.678Z,1,251,46,150753,84.969000340,0.255000114
125,2024-10-16T08:37:58.211Z,0,519,89,150754,85.502000093,0.532999754
126,2024-10-16T08:37:58.769Z,9,4754,453,150755,86.060000181,0.558000088
127,2024-10-16T08:37:59.365Z,0,849,47,150756,86.656000137,0.595999956
128,2024-10-16T08:37:59.515Z,1,462,185,150757,86.806000233,0.150000095
129,2024-10-16T08:37:59.689Z,1,887,156,150758,86.980000019,0.173999786
130,2024-10-16T08:38:00.209Z,1,3481,316,150759,87.500000000,0.519999981
131,2024-10-16T08:38:00.513Z,1,257,37,150760,87.804000139,0.304000139
132,2024-10-16T08:38:00.727Z,0,853,37,150761,88.018000126,0.213999987
133,2024-10-16T08:38:00.757Z,0,457,52,150762,88.048000097,0.029999971
134,2024-10-16T08:38:00.769Z,9,5940,10,150763,88.060000181,0.012000084
135,2024-10-16T08:38:02.176Z,1,940,222,150764,89.467000246,1.407000065
136,2024-10-16T08:38:02.324Z,0,490,666,150765,89.615000010,0.147999763
137,2024-10-16T08:38:02.511Z,1,395,97,150766,89.802000284,0.187000275
138,2024-10-16T08:38:02.519Z,1,1892,203,150767,89.810000181,0.007999897
139,2024-10-16T08:38:03.017Z,0,111,139,150768,90.308000088,0.497999907
140,2024-10-16T08:38:03.769Z,1,2850,305,150769,91.060000181,0.752000093
141,2024-10-16T08:38:03.961Z,0,834,40,150770,91.252000093,0.191999912
142,2024-10-16T08:38:04.019Z,0,234,94,150771,91.310000181,0.058000088
143,2024-10-16T08:38:04.169Z,1,1795,128,150772,91.460000038,0.149999857
144,2024-10-16T08:38:04.268Z,16,4250,1,150773,91.559000015,0.098999977
145,2024-10-16T08:38:04.486Z,0,11513,151,150774,91.777000189,0.218000174
146,2024-10-16T08:38:04.608Z,0,208,7,150775,91.899000168,0.121999979
147,2024-10-16T08:38:05.212Z,1,3168,462,150776,92.503000021,0.603999853
148,2024-10-16T08:38:05.319Z,0,5787,25,150777,92.610000134,0.107000113
149,2024-10-16T08:38:05.672Z,1,1064,369,150778,92.963000059,0.352999926
150,2024-10-16T08:38:05.921Z,1,1026,98,150779,93.212000132,0.249000072
151,2024-10-16T08:38:06.421Z,1,1374,126,150780,93.712000132,0.500000000
152,2024-10-16T08:38:06.579Z,1,1757,26,150781,93.870000124,0.157999992
153,2024-10-16T08:38:07.012Z,1,2731,120,150782,94.303000212,0.433000088
154,2024-10-16T08:38:07.110Z,0,215,4,150783,94.401000261,0.098000050
155,2024-10-16T08:38:07.325Z,1,1717,159,150784,94.616000175,0.214999914
156,2024-10-16T08:38:07.613Z,0,509,76,150785,94.904000044,0.287999868
157,2024-10-16T08:38:07.763Z,9,3848,110,150786,95.054000139,0.150000095
158,2024-10-16T08:38:07.769Z,1,1409,81,150787,95.060000181,0.006000042
159,2024-10-16T08:38:08.260Z,1,649,121,150788,95.551000118,0.490999937
160,2024-10-16T08:38:08.261Z,1,449,181,150789,95.552000046,0.000999928
161,2024-10-16T08:38:09.338Z,0,82,5,150790,96.628999949,1.076999903
162,2024-10-16T08:38:09.538Z,0,1357,20,150791,96.828999996,0.200000048
163,2024-10-16T08:38:09.672Z,1,4247,371,150792,96.963000059,0.134000063
164,2024-10-16T08:38:10.561Z,1,1765,28,150793,97.851999998,0.888999939
165,2024-10-16T08:38:10.573Z,1,684,56,150794,97.864000082,0.012000084
166,2024-10-16T08:38:10.573Z,1,1510,19,150795,97.864000082,0.000000000
167,2024-10-16T08:38:11.085Z,0,3701,383,150796,98.376000166,0.512000084
168,2024-10-16T08:38:11.292Z,9,5268,10,150797,98.583000183,0.207000017
169,2024-10-16T08:38:11.328Z,0,3519,243,150798,98.619000196,0.036000013
170,2024-10-16T08:38:11.672Z,4,3575,912,150799,98.963000059,0.343999863
171,2024-10-16T08:38:12.420Z,1,2087,407,150800,99.711000204,0.748000145
172,2024-10-16T08:38:12.765Z,1,1409,23,150801,100.055999994,0.344999790
173,2024-10-16T08:38:12.789Z,1,3213,308,150802,100.080000162,0.024000168
174,2024-10-16T08:38:13.072Z,1,1184,173,150803,100.363000154,0.282999992
175,2024-10-16T08:38:13.271Z,1,1130,26,150804,100.562000275,0.199000120
176,2024-10-16T08:38:13.561Z,1,608,172,150805,100.851999998,0.289999723
177,2024-10-16T08:38:13.562Z,1,2193,153,150806,100.852999926,0.000999928
178,2024-10-16T08:38:13.566Z,0,971,135,150807,100.857000351,0.004000425
179,2024-10-16T08:38:13.582Z,1,1261,37,150808,100.873000145,0.015999794
180,2024-10-16T08:38:13.824Z,1,347,43,150809,101.115000010,0.241999865
181,2024-10-16T08:38:14.015Z,1,1580,98,150810,101.306000233,0.191000223
182,2024-10-16T08:38:14.075Z,1,2656,459,150811,101.366000175,0.059999943
183,2024-10-16T08:38:14.271Z,1,368,92,150812,101.562000275,0.196000099
184,2024-10-16T08:38:14.326Z,1,345,32,150813,101.617000341,0.055000067
185,2024-10-16T08:38:14.575Z,1,1659,88,150814,101.866000175,0.248999834
186,2024-10-16T08:38:14.771Z,1,397,61,150815,102.062000275,0.196000099
187,2024-10-16T08:38:15.039Z,9,5920,183,150816,102.330000162,0.267999887
188,2024-10-16T08:38:15.099Z,9,4203,10,150817,102.390000105,0.059999943
189,2024-10-16T08:38:15.365Z,0,2997,109,150818,102.656000137,0.266000032
190,2024-10-16T08:38:15.792Z,1,612,213,150819,103.083000183,0.427000046
191,2024-10-16T08:38:15.834Z,1,1686,120,150820,103.125000000,0.041999817
192,2024-10-16T08:38:15.834Z,1,642,211,150821,103.125000000,0.000000000
193,2024-10-16T08:38:16.170Z,1,3219,811,150822,103.460999966,0.335999966
194,2024-10-16T08:38:16.528Z,1,470,104,150823,103.819000244,0.358000278
195,2024-10-16T08:38:17.310Z,1,1388,242,150824,104.601000309,0.782000065
196,2024-10-16T08:38:17.349Z,9,2943,1,150825,104.640000105,0.038999796
197,2024-10-16T08:38:17.769Z,9,5103,10,150826,105.060000181,0.420000076
198,2024-10-16T08:38:18.015Z,1,680,42,150827,105.306000233,0.246000051
199,2024-10-16T08:38:18.023Z,9,5026,10,150828,105.314000130,0.007999897
200,2024-10-16T08:38:18.082Z,1,262,25,150829,105.372999907,0.058999777
201,2024-10-16T08:38:18.330Z,1,1466,322,150830,105.621000051,0.248000145
202,2024-10-16T08:38:18.349Z,1,342,34,150831,105.640000105,0.019000053
203,2024-10-16T08:38:18.374Z,1,914,106,150832,105.665000200,0.025000095
204,2024-10-16T08:38:18.374Z,1,1636,130,150833,105.665000200,0.000000000
205,2024-10-16T08:38:18.420Z,1,1205,500,150834,105.711000204,0.046000004
206,2024-10-16T08:38:18.602Z,1,925,95,150835,105.892999887,0.181999683
207,2024-10-16T08:38:18.821Z,1,1583,115,150836,106.111999989,0.219000101
208,2024-10-16T08:38:19.016Z,1,1712,140,150837,106.307000160,0.195000172
209,2024-10-16T08:38:19.079Z,1,502,112,150838,106.370000124,0.062999964
210,2024-10-16T08:38:19.321Z,1,1409,54,150839,106.611999989,0.241999865
211,2024-10-16T08:38:19.359Z,0,504,351,150840,106.650000095,0.038000107
212,2024-10-16T08:38:19.570Z,1,1123,131,150841,106.861000061,0.210999966
213,2024-10-16T08:38:19.570Z,9,6100,10,150842,106.861000061,0.000000000
214,2024-10-16T08:38:19.820Z,1,2018,83,150843,107.111000061,0.250000000
215,2024-10-16T08:38:20.329Z,25,11308,10,150844,107.620000124,0.509000063
216,2024-10-16T08:38:20.624Z,1,887,38,150845,107.915000200,0.295000076
217,2024-10-16T08:38:20.766Z,9,3538,1,150846,108.057000160,0.141999960
218,2024-10-16T08:38:20.776Z,1,1480,140,150847,108.067000151,0.009999990
219,2024-10-16T08:38:20.832Z,1,410,74,150848,108.123000145,0.055999994
220,2024-10-16T08:38:21.082Z,9,4992,10,150849,108.372999907,0.249999762
221,2024-10-16T08:38:21.082Z,1,1817,34,150850,108.372999907,0.000000000
222,2024-10-16T08:38:21.356Z,1,1933,94,150851,108.647000074,0.274000168
223,2024-10-16T08:38:21.580Z,1,1713,324,150852,108.871000051,0.223999977
224,2024-10-16T08:38:21.773Z,9,5060,10,150853,109.064000130,0.193000078
225,2024-10-16T08:38:22.612Z,0,271,500,150854,109.903000116,0.838999987
226,2024-10-16T08:38:22.774Z,0,618,57,150855,110.065000296,0.162000179
227,2024-10-16T08:38:22.912Z,9,5616,10,150856,110.203000069,0.137999773
228,2024-10-16T08:38:23.070Z,1,377,30,150857,110.361000299,0.158000231
229,2024-10-16T08:38:23.070Z,1,3047,324,150858,110.361000299,0.000000000
230,2024-10-16T08:38:23.132Z,1,2815,211,150859,110.423000097,0.061999798
231,2024-10-16T08:38:23.132Z,1,2367,8,150860,110.423000097,0.000000000
232,2024-10-16T08:38:23.526Z,9,5187,10,150861,110.817000151,0.394000053
233,2024-10-16T08:38:23.871Z,1,345,30,150862,111.162000179,0.345000029
234,2024-10-16T08:38:24.274Z,9,3849,130,150863,111.565000057,0.402999878
235,2024-10-16T08:38:24.322Z,0,2761,1024,150864,111.612999916,0.047999859
236,2024-10-16T08:38:24.536Z,1,1427,151,150865,111.827000141,0.214000225
237,2024-10-16T08:38:24.762Z,1,1409,115,150866,112.052999973,0.225999832
238,2024-10-16T08:38:24.871Z,1,2031,93,150867,112.162000179,0.109000206
239,2024-10-16T08:38:24.913Z,9,4260,14,150868,112.203999996,0.041999817
240,2024-10-16T08:38:25.079Z,1,1169,92,150869,112.370000124,0.166000128
241,2024-10-16T08:38:25.320Z,1,4262,146,150870,112.611000061,0.240999937
242,2024-10-16T08:38:25.337Z,4,2665,182,150871,112.628000021,0.016999960
243,2024-10-16T08:38:25.623Z,1,1052,105,150872,112.914000273,0.286000252
244,2024-10-16T08:38:25.761Z,1,1002,20,150873,113.052000046,0.137999773
245,2024-10-16T08:38:25.820Z,1,1788,35,150874,113.111000061,0.059000015
246,2024-10-16T08:38:26.162Z,1,847,167,150875,113.453000069,0.342000008
247,2024-10-16T08:38:26.214Z,1,1402,28,150876,113.505000353,0.052000284
248,2024-10-16T08:38:26.330Z,9,3847,146,150877,113.621000051,0.115999699
249,2024-10-16T08:38:26.570Z,1,261,52,150878,113.861000061,0.240000010
250,2024-10-16T08:38:26.579Z,1,1449,29,150879,113.870000124,0.009000063
251,2024-10-16T08:38:26.588Z,1,927,223,150880,113.879000187,0.009000063
252,2024-10-16T08:38:26.761Z,9,5549,10,150881,114.052000046,0.172999859
253,2024-10-16T08:38:27.127Z,1,346,36,150882,114.418000221,0.366000175
254,2024-10-16T08:38:27.256Z,1,2323,38,150883,114.547000170,0.128999949
255,2024-10-16T08:38:27.488Z,9,4603,10,150884,114.779000044,0.231999874
256,2024-10-16T08:38:27.623Z,1,877,149,150885,114.914000273,0.135000229
257,2024-10-16T08:38:27.871Z,1,1806,26,150886,115.162000179,0.247999907
258,2024-10-16T08:38:28.511Z,1,1839,110,150887,115.802000284,0.640000105
259,2024-10-16T08:38:28.600Z,1,1006,26,150888,115.891000032,0.088999748
260,2024-10-16T08:38:28.623Z,1,345,48,150889,115.914000273,0.023000240
261,2024-10-16T08:38:28.756Z,1,1192,139,150890,116.047000170,0.132999897
262,2024-10-16T08:38:28.773Z,1,2858,540,150891,116.064000130,0.016999960
263,2024-10-16T08:38:28.913Z,1,1109,26,150892,116.203999996,0.139999866
264,2024-10-16T08:38:29.330Z,1,1135,28,150893,116.621000051,0.417000055
265,2024-10-16T08:38:29.361Z,1,2046,6,150894,116.651999950,0.030999899
266,2024-10-16T08:38:29.508Z,0,1675,5,150895,116.799000025,0.147000074
267,2024-10-16T08:38:29.602Z,9,5107,10,150896,116.892999887,0.093999863
268,2024-10-16T08:38:29.608Z,1,1740,26,150897,116.899000168,0.006000280
269,2024-10-16T08:38:29.662Z,9,5152,10,150898,116.953000307,0.054000139
270,2024-10-16T08:38:30.101Z,1,895,28,150899,117.391999960,0.438999653
271,2024-10-16T08:38:30.511Z,1,687,60,150900,117.802000284,0.410000324
272,2024-10-16T08:38:30.529Z,1,459,95,150901,117.820000172,0.017999887
273,2024-10-16T08:38:30.589Z,0,94,17,150902,117.880000114,0.059999943
274,2024-10-16T08:38:30.712Z,0,921,45,150903,118.003000021,0.122999907
275,2024-10-16T08:38:30.737Z,1,1090,26,150904,118.028000116,0.025000095
276,2024-10-16T08:38:30.780Z,1,1781,25,150905,118.071000099,0.042999983
277,2024-10-16T08:38:30.919Z,1,345,97,150906,118.210000277,0.139000177
278,2024-10-16T08:38:31.070Z,1,4250,154,150907,118.361000299,0.151000023
279,2024-10-16T08:38:31.098Z,1,470,105,150908,118.388999939,0.027999640
280,2024-10-16T08:38:31.108Z,1,2063,152,150909,118.399000168,0.010000229
281,2024-10-16T08:38:31.278Z,1,6430,474,150910,118.569000244,0.170000076
282,2024-10-16T08:38:31.336Z,9,5820,10,150911,118.627000093,0.057999849
283,2024-10-16T08:38:31.371Z,0,1021,85,150912,118.662000179,0.035000086
284,2024-10-16T08:38:31.517Z,1,468,1,150913,118.808000088,0.145999908
285,2024-10-16T08:38:31.769Z,0,2559,411,150914,119.060000181,0.252000093
286,2024-10-16T08:38:31.780Z,1,889,28,150915,119.071000099,0.010999918
287,2024-10-16T08:38:31.822Z,1,693,57,150916,119.113000154,0.042000055
288,2024-10-16T08:38:31.822Z,9,3850,193,150917,119.113000154,0.000000000
289,2024-10-16T08:38:31.848Z,1,1401,123,150918,119.139000177,0.026000023
290,2024-10-16T08:38:31.848Z,1,1604,118,150919,119.139000177,0.000000000
291,2024-10-16T08:38:32.287Z,1,345,42,150920,119.578000307,0.439000130
292,2024-10-16T08:38:32.570Z,1,1863,388,150921,119.861000061,0.282999754
293,2024-10-16T08:38:32.598Z,1,1244,20,150922,119.889000177,0.028000116
294,2024-10-16T08:38:32.608Z,1,1000,26,150923,119.899000168,0.009999990
295,2024-10-16T08:38:32.714Z,1,1409,83,150924,120.005000114,0.105999947
296,2024-10-16T08:38:32.831Z,1,1050,26,150925,120.122000217,0.117000103
297,2024-10-16T08:38:33.098Z,1,1131,28,150926,120.388999939,0.266999722
298,2024-10-16T08:38:33.123Z,1,2553,63,150927,120.414000273,0.025000334
299,2024-10-16T08:38:33.268Z,1,1261,31,150928,120.559000015,0.144999743
300,2024-10-16T08:38:33.268Z,1,1171,55,150929,120.559000015,0.000000000
301,2024-10-16T08:38:33.462Z,1,1158,103,150930,120.753000259,0.194000244
302,2024-10-16T08:38:33.510Z,1,502,90,150931,120.801000357,0.048000097
303,2024-10-16T08:38:33.536Z,0,926,481,150932,120.827000141,0.025999784
304,2024-10-16T08:38:33.769Z,1,374,101,150933,121.060000181,0.233000040
305,2024-10-16T08:38:33.820Z,1,978,262,150934,121.111000061,0.050999880
306,2024-10-16T08:38:33.833Z,1,1558,213,150935,121.124000072,0.013000011
307,2024-10-16T08:38:33.834Z,1,1130,171,150936,121.125000000,0.000999928
308,2024-10-16T08:38:33.856Z,1,1054,95,150937,121.147000074,0.022000074
309,2024-10-16T08:38:33.922Z,1,716,19,150938,121.213000059,0.065999985
310,2024-10-16T08:38:34.035Z,1,2384,41,150939,121.326000214,0.113000154
311,2024-10-16T08:38:34.167Z,1,1015,26,150940,121.458000183,0.131999969
312,2024-10-16T08:38:34.333Z,1,864,160,150941,121.624000072,0.165999889
313,2024-10-16T08:38:34.371Z,1,3079,327,150942,121.662000179,0.038000107
314,2024-10-16T08:38:34.510Z,0,672,173,150943,121.801000357,0.139000177
315,2024-10-16T08:38:34.543Z,1,470,118,150944,121.834000111,0.032999754
316,2024-10-16T08:38:34.823Z,1,1812,98,150945,122.114000082,0.279999971
317,2024-10-16T08:38:34.875Z,1,1483,192,150946,122.166000128,0.052000046
318,2024-10-16T08:38:34.962Z,1,1676,118,150947,122.253000021,0.086999893
319,2024-10-16T08:38:35.539Z,1,1215,26,150948,122.830000162,0.577000141
320,2024-10-16T08:38:35.620Z,1,2371,8,150949,122.911000013,0.080999851
321,2024-10-16T08:38:35.762Z,1,2000,160,150950,123.052999973,0.141999960
322,2024-10-16T08:38:35.762Z,1,1739,112,150951,123.052999973,0.000000000
323,2024-10-16T08:38:35.962Z,0,254,2,150952,123.253000021,0.200000048
324,2024-10-16T08:38:36.025Z,1,257,69,150953,123.315999985,0.062999964
325,2024-10-16T08:38:36.064Z,1,1175,75,150954,123.355000019,0.039000034
326,2024-10-16T08:38:36.236Z,1,1158,81,150955,123.527000189,0.172000170
327,2024-10-16T08:38:36.336Z,9,3849,139,150956,123.627000093,0.099999905
328,2024-10-16T08:38:36.418Z,1,2445,41,150957,123.709000111,0.082000017
329,2024-10-16T08:38:36.667Z,9,4985,10,150958,123.958000183,0.249000072
330,2024-10-16T08:38:36.869Z,1,1034,26,150959,124.160000086,0.201999903
331,2024-10-16T08:38:37.098Z,1,916,7,150960,124.388999939,0.228999853
332,2024-10-16T08:38:37.098Z,9,5257,10,150961,124.388999939,0.000000000
333,2024-10-16T08:38:37.257Z,1,1169,76,150962,124.548000097,0.159000158
334,2024-10-16T08:38:37.267Z,1,4207,133,150963,124.558000088,0.009999990
335,2024-10-16T08:38:37.415Z,1,1523,358,150964,124.706000090,0.148000002
336,2024-10-16T08:38:37.665Z,1,1514,55,150965,124.956000090,0.250000000
337,2024-10-16T08:38:37.810Z,0,42685,977,150966,125.101000071,0.144999981
338,2024-10-16T08:38:37.869Z,1,363,68,150967,125.160000086,0.059000015
339,2024-10-16T08:38:38.165Z,1,1498,99,150968,125.456000090,0.296000004
340,2024-10-16T08:38:38.212Z,9,5026,10,150969,125.503000021,0.046999931
341,2024-10-16T08:38:38.212Z,9,3786,10,150970,125.503000021,0.000000000
342,2024-10-16T08:38:38.524Z,1,1205,456,150971,125.815000057,0.312000036
343,2024-10-16T08:38:38.600Z,1,689,50,150972,125.891000032,0.075999975
344,2024-10-16T08:38:38.961Z,1,1717,47,150973,126.252000093,0.361000061
345,2024-10-16T08:38:39.011Z,1,1700,153,150974,126.302000284,0.050000191
346,2024-10-16T08:38:39.025Z,1,1205,28,150975,126.315999985,0.013999701
347,2024-10-16T08:38:39.025Z,1,1488,87,150976,126.315999985,0.000000000
348,2024-10-16T08:38:39.085Z,9,3851,112,150977,126.376000166,0.060000181
349,2024-10-16T08:38:39.085Z,1,1650,100,150978,126.376000166,0.000000000
350,2024-10-16T08:38:39.105Z,9,5288,10,150979,126.396000147,0.019999981
351,2024-10-16T08:38:39.368Z,1,630,289,150980,126.659000158,0.263000011
352,2024-10-16T08:38:39.486Z,1,264,70,150981,126.777000189,0.118000031
353,2024-10-16T08:38:39.598Z,1,713,50,150982,126.889000177,0.111999989
354,2024-10-16T08:38:39.766Z,1,1236,500,150983,127.057000160,0.167999983
355,2024-10-16T08:38:39.766Z,1,1169,74,150984,127.057000160,0.000000000
356,2024-10-16T08:38:39.767Z,1,1125,26,150985,127.058000088,0.000999928
357,2024-10-16T08:38:39.826Z,1,1219,153,150986,127.117000103,0.059000015
358,2024-10-16T08:38:40.267Z,1,964,267,150987,127.558000088,0.440999985
359,2024-10-16T08:38:40.515Z,1,944,11,150988,127.806000233,0.248000145
360,2024-10-16T08:38:40.572Z,1,1189,103,150989,127.863000154,0.056999922
361,2024-10-16T08:38:40.581Z,1,832,112,150990,127.871999979,0.008999825
362,2024-10-16T08:38:40.757Z,9,5282,10,150991,128.048000097,0.176000118
363,2024-10-16T08:38:40.775Z,1,1446,19,150992,128.066000223,0.018000126
364,2024-10-16T08:38:40.916Z,1,2484,41,150993,128.207000017,0.140999794
365,2024-10-16T08:38:40.963Z,1,716,43,150994,128.254000187,0.047000170
366,2024-10-16T08:38:41.008Z,1,3938,377,150995,128.299000025,0.044999838
367,2024-10-16T08:38:41.018Z,1,1402,104,150996,128.309000015,0.009999990
368,2024-10-16T08:38:41.290Z,0,374,473,150997,128.581000090,0.272000074
369,2024-10-16T08:38:41.464Z,1,796,93,150998,128.755000114,0.174000025
370,2024-10-16T08:38:41.465Z,1,1741,26,150999,128.756000042,0.000999928
371,2024-10-16T08:38:41.620Z,1,970,70,151000,128.911000013,0.154999971
372,2024-10-16T08:38:42.119Z,1,2560,1155,151001,129.410000086,0.499000072
373,2024-10-16T08:38:42.260Z,0,825,2,151002,129.551000118,0.141000032
374,2024-10-16T08:38:42.413Z,1,1133,80,151003,129.703999996,0.152999878
375,2024-10-16T08:38:42.611Z,1,562,47,151004,129.902000189,0.198000193
376,2024-10-16T08:38:42.767Z,1,458,79,151005,130.058000088,0.155999899
377,2024-10-16T08:38:42.913Z,9,5182,10,151006,130.203999996,0.145999908
378,2024-10-16T08:38:43.017Z,1,1011,105,151007,130.308000088,0.104000092
379,2024-10-16T08:38:43.111Z,1,346,46,151008,130.402000189,0.094000101
380,2024-10-16T08:38:43.216Z,1,1168,70,151009,130.507000208,0.105000019
381,2024-10-16T08:38:43.331Z,1,902,102,151010,130.622000217,0.115000010
382,2024-10-16T08:38:43.359Z,9,4995,10,151011,130.650000095,0.027999878
383,2024-10-16T08:38:43.413Z,1,685,59,151012,130.703999996,0.053999901
384,2024-10-16T08:38:43.513Z,1,436,170,151013,130.804000139,0.100000143
385,2024-10-16T08:38:43.663Z,1,346,34,151014,130.954000235,0.150000095
386,2024-10-16T08:38:43.772Z,1,1231,551,151015,131.063000202,0.108999968
387,2024-10-16T08:38:43.857Z,400,27763,1,151016,131.148000002,0.084999800
388,2024-10-16T08:38:44.082Z,1,858,168,151017,131.372999907,0.224999905
389,2024-10-16T08:38:44.369Z,1,1409,63,151018,131.660000086,0.287000179
390,2024-10-16T08:38:44.413Z,0,3651,299,151019,131.703999996,0.043999910
391,2024-10-16T08:38:44.605Z,9,5715,10,151020,131.896000147,0.192000151
392,2024-10-16T08:38:44.859Z,1,870,172,151021,132.150000095,0.253999949
393,2024-10-16T08:38:44.915Z,1,1716,82,151022,132.206000090,0.055999994
394,2024-10-16T08:38:44.915Z,1,1748,26,151023,132.206000090,0.000000000
395,2024-10-16T08:38:45.269Z,1,1624,117,151024,132.560000181,0.354000092
396,2024-10-16T08:38:45.517Z,1,2502,37,151025,132.808000088,0.247999907
397,2024-10-16T08:38:45.662Z,1,3602,395,151026,132.953000307,0.145000219
398,2024-10-16T08:38:45.736Z,64,6216,1,151027,133.027000189,0.073999882
399,2024-10-16T08:38:45.815Z,1,1974,194,151028,133.106000185,0.078999996
400,2024-10-16T08:38:45.851Z,1,1024,26,151029,133.142000198,0.036000013
401,2024-10-16T08:38:46.098Z,1,964,26,151030,133.388999939,0.246999741
402,2024-10-16T08:38:46.167Z,1,260,35,151031,133.458000183,0.069000244
403,2024-10-16T08:38:46.275Z,9,5305,10,151032,133.566000223,0.108000040
404,2024-10-16T08:38:46.487Z,1,1109,260,151033,133.778000116,0.211999893
405,2024-10-16T08:38:46.613Z,9,5107,10,151034,133.904000044,0.125999928
406,2024-10-16T08:38:47.017Z,9,5094,10,151035,134.308000088,0.404000044
407,2024-10-16T08:38:47.125Z,1,1175,124,151036,134.416000128,0.108000040
408,2024-10-16T08:38:47.167Z,1,1481,80,151037,134.458000183,0.042000055
409,2024-10-16T08:38:47.209Z,0,726,16,151038,134.500000000,0.041999817
410,2024-10-16T08:38:47.268Z,1,439,276,151039,134.559000015,0.059000015
411,2024-10-16T08:38:47.569Z,1,869,109,151040,134.860000134,0.301000118
412,2024-10-16T08:38:47.611Z,1,948,187,151041,134.902000189,0.042000055
413,2024-10-16T08:38:47.611Z,1,1108,92,151042,134.902000189,0.000000000
414,2024-10-16T08:38:47.710Z,1,1999,111,151043,135.001000166,0.098999977
415,2024-10-16T08:38:47.738Z,1,372,86,151044,135.029000044,0.027999878
416,2024-10-16T08:38:47.759Z,1,1949,162,151045,135.050000191,0.021000147
417,2024-10-16T08:38:47.961Z,1,1169,79,151046,135.252000093,0.201999903
418,2024-10-16T08:38:47.995Z,1,1741,105,151047,135.286000252,0.034000158
419,2024-10-16T08:38:48.272Z,0,458,147,151048,135.563000202,0.276999950
420,2024-10-16T08:38:48.276Z,9,5193,10,151049,135.567000151,0.003999949
421,2024-10-16T08:38:48.581Z,0,340,112,151050,135.871999979,0.304999828
422,2024-10-16T08:38:48.767Z,1,824,112,151051,136.058000088,0.186000109
423,2024-10-16T08:38:48.831Z,1,1650,88,151052,136.122000217,0.064000130
424,2024-10-16T08:38:49.109Z,0,494,11,151053,136.400000095,0.277999878
425,2024-10-16T08:38:49.321Z,81,14089,254,151054,136.611999989,0.211999893
426,2024-10-16T08:38:49.627Z,1,647,150,151055,136.918000221,0.306000233
427,2024-10-16T08:38:49.857Z,1,403,72,151056,137.148000002,0.229999781
428,2024-10-16T08:38:50.239Z,1,498,204,151057,137.530000210,0.382000208
429,2024-10-16T08:38:50.273Z,1,359,72,151058,137.564000130,0.033999920
430,2024-10-16T08:38:50.292Z,0,239,78,151059,137.583000183,0.019000053
431,2024-10-16T08:38:50.581Z,9,5417,10,151060,137.871999979,0.288999796
432,2024-10-16T08:38:50.620Z,1,1362,88,151061,137.911000013,0.039000034
433,2024-10-16T08:38:50.819Z,196,19444,451,151062,138.110000134,0.199000120
434,2024-10-16T08:38:51.105Z,1,1194,183,151063,138.396000147,0.286000013
435,2024-10-16T08:38:51.163Z,4,2693,33,151064,138.454000235,0.058000088
436,2024-10-16T08:38:51.163Z,9,5067,10,151065,138.454000235,0.000000000
437,2024-10-16T08:38:51.238Z,1,382,141,151066,138.529000282,0.075000048
438,2024-10-16T08:38:51.331Z,1,1729,304,151067,138.622000217,0.092999935
439,2024-10-16T08:38:51.734Z,1,1863,391,151068,139.025000334,0.403000116
440,2024-10-16T08:38:51.813Z,4,2086,500,151069,139.104000092,0.078999758
441,2024-10-16T08:38:51.835Z,1,1821,35,151070,139.126000166,0.022000074
442,2024-10-16T08:38:51.860Z,9,3473,144,151071,139.151000023,0.024999857
443,2024-10-16T08:38:51.913Z,1,694,57,151072,139.203999996,0.052999973
444,2024-10-16T08:38:52.070Z,1,912,215,151073,139.361000299,0.157000303
445,2024-10-16T08:38:52.111Z,1,1738,576,151074,139.402000189,0.040999889
446,2024-10-16T08:38:52.413Z,1,704,57,151075,139.703999996,0.301999807
447,2024-10-16T08:38:52.520Z,1,901,91,151076,139.811000109,0.107000113
448,2024-10-16T08:38:52.570Z,1,1525,94,151077,139.861000061,0.049999952
449,2024-10-16T08:38:52.571Z,1,440,236,151078,139.862000227,0.001000166
450,2024-10-16T08:38:52.762Z,0,225,287,151079,140.052999973,0.190999746
451,2024-10-16T08:38:52.913Z,9,5054,10,151080,140.203999996,0.151000023
452,2024-10-16T08:38:53.164Z,1,1172,81,151081,140.455000162,0.251000166
453,2024-10-16T08:38:53.264Z,1,276,49,151082,140.555000067,0.099999905
454,2024-10-16T08:38:53.351Z,9,3028,1,151083,140.642000198,0.087000132
455,2024-10-16T08:38:53.414Z,1,854,265,151084,140.705000162,0.062999964
456,2024-10-16T08:38:53.710Z,64,11794,371,151085,141.001000166,0.296000004
457,2024-10-16T08:38:53.737Z,0,361,99,151086,141.028000116,0.026999950
458,2024-10-16T08:38:53.761Z,0,416,140,151087,141.052000046,0.023999929
459,2024-10-16T08:38:53.874Z,1,1877,153,151088,141.164999962,0.112999916
460,2024-10-16T08:38:54.071Z,1,532,64,151089,141.362000227,0.197000265
461,2024-10-16T08:38:54.417Z,1,261,48,151090,141.707999945,0.345999718
462,2024-10-16T08:38:54.528Z,1,1690,112,151091,141.819000244,0.111000299
463,2024-10-16T08:38:54.562Z,0,2359,168,151092,141.852999926,0.033999681
464,2024-10-16T08:38:54.623Z,1,532,65,151093,141.914000273,0.061000347
465,2024-10-16T08:38:54.709Z,0,2583,292,151094,142.000000000,0.085999727
466,2024-10-16T08:38:54.734Z,1,901,112,151095,142.025000334,0.025000334
467,2024-10-16T08:38:54.735Z,1,682,40,151096,142.026000261,0.000999928
468,2024-10-16T08:38:54.772Z,1,2302,33,151097,142.063000202,0.036999941
469,2024-10-16T08:38:54.822Z,1,1012,26,151098,142.113000154,0.049999952
470,2024-10-16T08:38:55.098Z,1,1777,24,151099,142.388999939,0.275999784
471,2024-10-16T08:38:55.098Z,1,887,29,151100,142.388999939,0.000000000
472,2024-10-16T08:38:55.169Z,1,522,250,151101,142.460000038,0.071000099
473,2024-10-16T08:38:55.274Z,1,2815,261,151102,142.565000057,0.105000019
474,2024-10-16T08:38:55.367Z,0,409,13,151103,142.658000231,0.093000174
475,2024-10-16T08:38:55.466Z,1,465,134,151104,142.756999969,0.098999739
476,2024-10-16T08:38:55.598Z,1,345,28,151105,142.889000177,0.132000208
477,2024-10-16T08:38:55.608Z,1,1241,395,151106,142.899000168,0.009999990
478,2024-10-16T08:38:55.870Z,1,1873,81,151107,143.161000252,0.262000084
479,2024-10-16T08:38:56.164Z,1,569,115,151108,143.455000162,0.293999910
480,2024-10-16T08:38:56.569Z,1,441,146,151109,143.860000134,0.404999971
481,2024-10-16T08:38:56.666Z,9,6371,10,151110,143.957000017,0.096999884
482,2024-10-16T08:38:56.821Z,1,443,120,151111,144.111999989,0.154999971
483,2024-10-16T08:38:56.821Z,1,4848,238,151112,144.111999989,0.000000000
484,2024-10-16T08:38:57.166Z,0,3607,169,151113,144.457000256,0.345000267
485,2024-10-16T08:38:58.041Z,0,100,10,151114,145.332000017,0.874999762
486,2024-10-16T08:38:58.371Z,1,964,239,151115,145.662000179,0.330000162
487,2024-10-16T08:38:58.465Z,1,471,173,151116,145.756000042,0.093999863
488,2024-10-16T08:38:58.916Z,1,457,111,151117,146.207000017,0.450999975
489,2024-10-16T08:38:59.570Z,0,2364,177,151118,146.861000061,0.654000044
490,2024-10-16T08:38:59.570Z,1,253,37,151119,146.861000061,0.000000000
491,2024-10-16T08:38:59.601Z,1,1640,85,151120,146.891999960,0.030999899
492,2024-10-16T08:38:59.601Z,1,933,85,151121,146.891999960,0.000000000
493,2024-10-16T08:38:59.608Z,1,3178,199,151122,146.899000168,0.007000208
494,2024-10-16T08:38:59.771Z,1,1690,123,151123,147.062000275,0.163000107
495,2024-10-16T08:39:00.111Z,1,348,46,151124,147.402000189,0.339999914
496,2024-10-16T08:39:00.415Z,0,405,16,151125,147.706000090,0.303999901
497,2024-10-16T08:39:00.415Z,1,698,98,151126,147.706000090,0.000000000
498,2024-10-16T08:39:00.545Z,0,761,1,151127,147.835999966,0.129999876
499,2024-10-16T08:39:01.213Z,1,1282,8,151128,148.503999949,0.667999983
500,2024-10-16T08:39:01.415Z,1,952,271,151129,148.706000090,0.202000141
501,2024-10-16T08:39:01.465Z,0,981,50,151130,148.756000042,0.049999952
502,2024-10-16T08:39:02.261Z,9,5919,10,151131,149.552000046,0.796000004
503,2024-10-16T08:39:02.375Z,1,1126,91,151132,149.666000128,0.114000082
504,2024-10-16T08:39:02.417Z,1,1116,121,151133,149.707999945,0.041999817
505,2024-10-16T08:39:02.476Z,1,1328,107,151134,149.767000198,0.059000254
506,2024-10-16T08:39:02.570Z,1,1894,90,151135,149.861000061,0.093999863
507,2024-10-16T08:39:02.761Z,1,1790,29,151136,150.052000046,0.190999985
508,2024-10-16T08:39:02.761Z,1,378,46,151137,150.052000046,0.000000000
509,2024-10-16T08:39:02.958Z,1,1170,86,151138,150.249000311,0.197000265
510,2024-10-16T08:39:03.012Z,1,1951,126,151139,150.303000212,0.053999901
511,2024-10-16T08:39:03.023Z,1,907,69,151140,150.314000130,0.010999918
512,2024-10-16T08:39:03.024Z,1,3980,518,151141,150.315000057,0.000999928
513,2024-10-16T08:39:03.127Z,1,412,62,151142,150.418000221,0.103000164
514,2024-10-16T08:39:03.128Z,1,251,57,151143,150.419000149,0.000999928
515,2024-10-16T08:39:03.263Z,1,2787,304,151144,150.554000139,0.134999990
516,2024-10-16T08:39:03.263Z,1,1054,342,151145,150.554000139,0.000000000
517,2024-10-16T08:39:03.327Z,9,5180,10,151146,150.618000269,0.064000130
518,2024-10-16T08:39:03.327Z,1,1294,210,151147,150.618000269,0.000000000
519,2024-10-16T08:39:03.592Z,0,1022,19,151148,150.883000135,0.264999866
520,2024-10-16T08:39:03.763Z,1,1391,84,151149,151.054000139,0.171000004
521,2024-10-16T08:39:03.858Z,1,2853,190,151150,151.148999929,0.094999790
522,2024-10-16T08:39:04.018Z,4,3403,10,151151,151.309000015,0.160000086
523,2024-10-16T08:39:04.041Z,0,1310,1018,151152,151.332000017,0.023000002
524,2024-10-16T08:39:04.113Z,1,2450,353,151153,151.404000044,0.072000027
525,2024-10-16T08:39:04.123Z,1,932,279,151154,151.414000273,0.010000229
526,2024-10-16T08:39:04.263Z,9,3851,127,151155,151.554000139,0.139999866
527,2024-10-16T08:39:04.263Z,1,810,118,151156,151.554000139,0.000000000
528,2024-10-16T08:39:04.360Z,1,1315,90,151157,151.651000023,0.096999884
529,2024-10-16T08:39:04.572Z,1,1170,92,151158,151.863000154,0.212000132
530,2024-10-16T08:39:04.624Z,1,435,413,151159,151.915000200,0.052000046
531,2024-10-16T08:39:04.726Z,1,1951,131,151160,152.017000198,0.101999998
532,2024-10-16T08:39:05.021Z,1,1119,26,151161,152.312000036,0.294999838
533,2024-10-16T08:39:05.332Z,1,686,58,151162,152.623000145,0.311000109
534,2024-10-16T08:39:05.512Z,1,254,30,151163,152.803000212,0.180000067
535,2024-10-16T08:39:05.523Z,1,381,61,151164,152.814000130,0.010999918
536,2024-10-16T08:39:05.523Z,9,5042,10,151165,152.814000130,0.000000000
537,2024-10-16T08:39:05.598Z,0,874,157,151166,152.889000177,0.075000048
538,2024-10-16T08:39:05.711Z,1,1825,8,151167,153.002000093,0.112999916
539,2024-10-16T08:39:06.036Z,0,289,13,151168,153.327000141,0.325000048
540,2024-10-16T08:39:06.109Z,1,1377,146,151169,153.400000095,0.072999954
541,2024-10-16T08:39:06.213Z,0,94,3,151170,153.503999949,0.103999853
542,2024-10-16T08:39:06.459Z,1,1800,27,151171,153.750000238,0.246000290
543,2024-10-16T08:39:06.832Z,9,5147,10,151172,154.123000145,0.372999907
544,2024-10-16T08:39:06.862Z,9,5197,10,151173,154.153000355,0.030000210
545,2024-10-16T08:39:06.916Z,4,2770,36,151174,154.207000017,0.053999662
546,2024-10-16T08:39:06.960Z,1,1833,95,151175,154.251000166,0.044000149
547,2024-10-16T08:39:06.960Z,1,2288,26,151176,154.251000166,0.000000000
548,2024-10-16T08:39:07.162Z,1,1586,126,151177,154.453000069,0.201999903
549,2024-10-16T08:39:07.211Z,0,450,85,151178,154.502000093,0.049000025
550,2024-10-16T08:39:07.211Z,1,694,42,151179,154.502000093,0.000000000
551,2024-10-16T08:39:07.333Z,1,864,75,151180,154.624000072,0.121999979
552,2024-10-16T08:39:07.572Z,9,3851,140,151181,154.863000154,0.239000082
553,2024-10-16T08:39:07.712Z,1,898,83,151182,155.003000021,0.139999866
554,2024-10-16T08:39:07.865Z,1,583,73,151183,155.156000137,0.153000116
555,2024-10-16T08:39:07.917Z,0,3402,8,151184,155.207999945,0.051999807
556,2024-10-16T08:39:08.083Z,9,5161,10,151185,155.374000311,0.166000366
557,2024-10-16T08:39:08.100Z,9,5230,10,151186,155.391000032,0.016999722
558,2024-10-16T08:39:08.122Z,9,3851,102,151187,155.413000107,0.022000074
559,2024-10-16T08:39:08.212Z,1,1409,63,151188,155.503000021,0.089999914
560,2024-10-16T08:39:08.325Z,1,554,162,151189,155.616000175,0.113000154
561,2024-10-16T08:39:08.415Z,1,1043,364,151190,155.706000090,0.089999914
562,2024-10-16T08:39:08.522Z,1,959,76,151191,155.812999964,0.106999874
563,2024-10-16T08:39:08.572Z,1,414,129,151192,155.863000154,0.050000191
564,2024-10-16T08:39:08.786Z,1,1812,29,151193,156.076999903,0.213999748
565,2024-10-16T08:39:08.836Z,1,1745,27,151194,156.127000093,0.050000191
566,2024-10-16T08:39:08.977Z,9,6187,10,151195,156.268000126,0.141000032
567,2024-10-16T08:39:08.986Z,1,499,1,151196,156.276999950,0.008999825
568,2024-10-16T08:39:09.036Z,0,257,17,151197,156.327000141,0.050000191
569,2024-10-16T08:39:09.115Z,1,906,112,151198,156.406000137,0.078999996
570,2024-10-16T08:39:09.125Z,1,1769,145,151199,156.416000128,0.009999990
571,2024-10-16T08:39:09.211Z,1,344,91,151200,156.502000093,0.085999966
572,2024-10-16T08:39:09.228Z,1,1790,34,151201,156.519000053,0.016999960
573,2024-10-16T08:39:09.268Z,1,199,49,151202,156.559000015,0.039999962
574,2024-10-16T08:39:09.326Z,1,1133,57,151203,156.617000341,0.058000326
575,2024-10-16T08:39:09.332Z,9,5510,10,151204,156.623000145,0.005999804
576,2024-10-16T08:39:09.362Z,1,2229,202,151205,156.653000116,0.029999971
577,2024-10-16T08:39:09.613Z,1,1645,137,151206,156.904000044,0.250999928
578,2024-10-16T08:39:09.663Z,1,1080,26,151207,156.954000235,0.050000191
579,2024-10-16T08:39:09.663Z,1,2180,165,151208,156.954000235,0.000000000
580,2024-10-16T08:39:09.768Z,0,1353,64,151209,157.059000015,0.104999781
581,2024-10-16T08:39:10.167Z,1,2405,8,151210,157.458000183,0.399000168
582,2024-10-16T08:39:10.213Z,1,4303,166,151211,157.503999949,0.045999765
583,2024-10-16T08:39:10.277Z,1,1720,166,151212,157.568000078,0.064000130
584,2024-10-16T08:39:10.289Z,1,1170,75,151213,157.580000162,0.012000084
585,2024-10-16T08:39:10.289Z,9,3681,93,151214,157.580000162,0.000000000
586,2024-10-16T08:39:10.324Z,0,2358,127,151215,157.615000010,0.034999847
587,2024-10-16T08:39:10.339Z,0,1286,49,151216,157.630000114,0.015000105
588,2024-10-16T08:39:10.460Z,1,1706,12,151217,157.751000166,0.121000051
589,2024-10-16T08:39:10.477Z,1,377,34,151218,157.768000126,0.016999960
590,2024-10-16T08:39:10.583Z,1,375,32,151219,157.874000311,0.106000185
591,2024-10-16T08:39:10.666Z,1,905,199,151220,157.957000017,0.082999706
592,2024-10-16T08:39:10.666Z,9,5113,10,151221,157.957000017,0.000000000
593,2024-10-16T08:39:10.735Z,1,1816,26,151222,158.026000261,0.069000244
594,2024-10-16T08:39:11.118Z,0,846,51,151223,158.409000158,0.382999897
595,2024-10-16T08:39:11.118Z,1,488,301,151224,158.409000158,0.000000000
596,2024-10-16T08:39:11.118Z,1,1479,360,151225,158.409000158,0.000000000
597,2024-10-16T08:39:11.125Z,1,1167,86,151226,158.416000128,0.006999969
598,2024-10-16T08:39:11.214Z,9,5264,10,151227,158.505000353,0.089000225
599,2024-10-16T08:39:11.351Z,0,1562,52,151228,158.642000198,0.136999846
600,2024-10-16T08:39:11.363Z,1,344,135,151229,158.654000282,0.012000084
601,2024-10-16T08:39:11.375Z,1,453,172,151230,158.666000128,0.011999846
602,2024-10-16T08:39:11.375Z,225,23269,322,151231,158.666000128,0.000000000
603,2024-10-16T08:39:11.417Z,1,1633,126,151232,158.707999945,0.041999817
604,2024-10-16T08:39:11.417Z,1,1628,123,151233,158.707999945,0.000000000
605,2024-10-16T08:39:11.561Z,1,964,726,151234,158.851999998,0.144000053
606,2024-10-16T08:39:11.584Z,1,285,64,151235,158.875000238,0.023000240
607,2024-10-16T08:39:11.599Z,1,1850,146,151236,158.890000105,0.014999866
608,2024-10-16T08:39:11.627Z,1,1302,177,151237,158.918000221,0.028000116
609,2024-10-16T08:39:11.635Z,1,243,32,151238,158.926000118,0.007999897
610,2024-10-16T08:39:11.761Z,1,963,78,151239,159.052000046,0.125999928
611,2024-10-16T08:39:11.862Z,1,2472,127,151240,159.153000355,0.101000309
612,2024-10-16T08:39:11.875Z,1,1236,4,151241,159.166000128,0.012999773
613,2024-10-16T08:39:11.980Z,1,820,102,151242,159.271000147,0.105000019
614,2024-10-16T08:39:12.018Z,1,486,126,151243,159.309000015,0.037999868
615,2024-10-16T08:39:12.105Z,0,562,238,151244,159.396000147,0.087000132
616,2024-10-16T08:39:12.384Z,0,513,58,151245,159.675000191,0.279000044
617,2024-10-16T08:39:12.459Z,9,5180,10,151246,159.750000238,0.075000048
618,2024-10-16T08:39:12.516Z,1,954,26,151247,159.807000160,0.056999922
619,2024-10-16T08:39:12.795Z,0,276,284,151248,160.086000204,0.279000044
620,2024-10-16T08:39:12.865Z,1,2189,36,151249,160.156000137,0.069999933
621,2024-10-16T08:39:12.865Z,9,5271,10,151250,160.156000137,0.000000000
622,2024-10-16T08:39:12.865Z,1,918,223,151251,160.156000137,0.000000000
623,2024-10-16T08:39:12.884Z,1,2068,130,151252,160.175000191,0.019000053
624,2024-10-16T08:39:13.025Z,0,964,560,151253,160.315999985,0.140999794
625,2024-10-16T08:39:13.230Z,1,1229,115,151254,160.521000147,0.205000162
626,2024-10-16T08:39:13.324Z,1,3657,186,151255,160.615000010,0.093999863
627,2024-10-16T08:39:13.324Z,1,2283,39,151256,160.615000010,0.000000000
628,2024-10-16T08:39:13.576Z,1,1236,426,151257,160.867000103,0.252000093
629,2024-10-16T08:39:13.586Z,1,860,28,151258,160.877000093,0.009999990
630,2024-10-16T08:39:13.612Z,1,611,195,151259,160.903000116,0.026000023
631,2024-10-16T08:39:13.621Z,1,253,52,151260,160.912000179,0.009000063
632,2024-10-16T08:39:13.736Z,1,1171,73,151261,161.027000189,0.115000010
633,2024-10-16T08:39:14.121Z,1,2288,42,151262,161.412000179,0.384999990
634,2024-10-16T08:39:14.574Z,4,3321,10,151263,161.865000248,0.453000069
635,2024-10-16T08:39:14.710Z,1,954,26,151264,162.001000166,0.135999918
636,2024-10-16T08:39:14.710Z,9,5068,10,151265,162.001000166,0.000000000
637,2024-10-16T08:39:14.712Z,1,1133,141,151266,162.003000021,0.001999855
638,2024-10-16T08:39:14.712Z,1,1348,26,151267,162.003000021,0.000000000
639,2024-10-16T08:39:14.833Z,1,1087,107,151268,162.124000072,0.121000051
640,2024-10-16T08:39:14.852Z,1,1073,26,151269,162.143000126,0.019000053
641,2024-10-16T08:39:14.853Z,1,373,78,151270,162.144000053,0.000999928
642,2024-10-16T08:39:15.007Z,0,682,18,151271,162.298000097,0.154000044
643,2024-10-16T08:39:15.167Z,9,5002,10,151272,162.458000183,0.160000086
644,2024-10-16T08:39:15.211Z,4,2507,194,151273,162.502000093,0.043999910
645,2024-10-16T08:39:15.584Z,1,381,113,151274,162.875000238,0.373000145
646,2024-10-16T08:39:15.822Z,1,1229,163,151275,163.113000154,0.237999916
647,2024-10-16T08:39:15.874Z,1,1730,167,151276,163.164999962,0.051999807
648,2024-10-16T08:39:16.019Z,1,2371,8,151277,163.310000181,0.145000219
649,2024-10-16T08:39:16.019Z,1,948,26,151278,163.310000181,0.000000000
650,2024-10-16T08:39:16.021Z,0,316,199,151279,163.312000036,0.001999855
651,2024-10-16T08:39:16.021Z,4,5181,10,151280,163.312000036,0.000000000
652,2024-10-16T08:39:16.168Z,1,502,93,151281,163.459000111,0.147000074
653,2024-10-16T08:39:16.168Z,1,1310,246,151282,163.459000111,0.000000000
654,2024-10-16T08:39:16.457Z,1,720,60,151283,163.748000145,0.289000034
655,2024-10-16T08:39:16.573Z,1,1810,25,151284,163.864000082,0.115999937
656,2024-10-16T08:39:16.669Z,1,1498,130,151285,163.960000038,0.095999956
657,2024-10-16T08:39:16.863Z,9,5045,10,151286,164.154000282,0.194000244
658,2024-10-16T08:39:16.868Z,0,1038,71,151287,164.159000158,0.004999876
659,2024-10-16T08:39:17.072Z,1,1236,500,151288,164.363000154,0.203999996
660,2024-10-16T08:39:17.278Z,1,1701,120,151289,164.569000244,0.206000090
661,2024-10-16T08:39:17.278Z,1,928,93,151290,164.569000244,0.000000000
662,2024-10-16T08:39:17.340Z,1,1236,317,151291,164.631000042,0.061999798
663,2024-10-16T08:39:17.421Z,9,3850,128,151292,164.712000132,0.081000090
664,2024-10-16T08:39:17.517Z,1,252,57,151293,164.808000088,0.095999956
665,2024-10-16T08:39:17.672Z,1,1428,28,151294,164.963000059,0.154999971
666,2024-10-16T08:39:17.737Z,9,3302,192,151295,165.028000116,0.065000057
667,2024-10-16T08:39:17.769Z,1,990,289,151296,165.060000181,0.032000065
668,2024-10-16T08:39:17.769Z,1,346,46,151297,165.060000181,0.000000000
669,2024-10-16T08:39:18.167Z,1,409,67,151298,165.458000183,0.398000002
670,2024-10-16T08:39:18.273Z,1,342,38,151299,165.564000130,0.105999947
671,2024-10-16T08:39:18.328Z,1,1501,119,151300,165.619000196,0.055000067
672,2024-10-16T08:39:18.349Z,1,468,1,151301,165.640000105,0.020999908
673,2024-10-16T08:39:18.421Z,1,1409,105,151302,165.712000132,0.072000027
674,2024-10-16T08:39:18.601Z,16,11399,212,151303,165.891999960,0.179999828
675,2024-10-16T08:39:18.709Z,1,382,92,151304,166.000000000,0.108000040
676,2024-10-16T08:39:18.966Z,1,2397,11,151305,166.257000208,0.257000208
677,2024-10-16T08:39:19.115Z,1,1665,75,151306,166.406000137,0.148999929
678,2024-10-16T08:39:19.170Z,1,470,112,151307,166.460999966,0.054999828
679,2024-10-16T08:39:19.268Z,1,2023,126,151308,166.559000015,0.098000050
680,2024-10-16T08:39:19.417Z,1,2693,40,151309,166.707999945,0.148999929
681,2024-10-16T08:39:19.479Z,1,543,74,151310,166.770000219,0.062000275
682,2024-10-16T08:39:19.669Z,1,1171,82,151311,166.960000038,0.189999819
683,2024-10-16T08:39:19.711Z,1,2815,300,151312,167.002000093,0.042000055
684,2024-10-16T08:39:20.215Z,1,1489,36,151313,167.506000280,0.504000187
685,2024-10-16T08:39:20.229Z,1,930,45,151314,167.519999981,0.013999701
686,2024-10-16T08:39:20.326Z,0,649,19,151315,167.617000341,0.097000360
687,2024-10-16T08:39:20.331Z,9,5094,10,151316,167.622000217,0.004999876
688,2024-10-16T08:39:20.615Z,1,1571,26,151317,167.906000137,0.283999920
689,2024-10-16T08:39:20.965Z,1,1006,304,151318,168.256000042,0.349999905
690,2024-10-16T08:39:21.324Z,4,3429,10,151319,168.615000010,0.358999968
691,2024-10-16T08:39:21.513Z,0,2618,1152,151320,168.804000139,0.189000130
692,2024-10-16T08:39:21.617Z,1,683,51,151321,168.907999992,0.103999853
693,2024-10-16T08:39:21.769Z,1,3377,200,151322,169.060000181,0.152000189
694,2024-10-16T08:39:22.027Z,1,1812,31,151323,169.318000078,0.257999897
695,2024-10-16T08:39:22.084Z,9,5580,10,151324,169.375000238,0.057000160
696,2024-10-16T08:39:22.273Z,9,5041,10,151325,169.564000130,0.188999891
697,2024-10-16T08:39:22.368Z,1,1125,110,151326,169.659000158,0.095000029
698,2024-10-16T08:39:22.413Z,1,683,53,151327,169.703999996,0.044999838
699,2024-10-16T08:39:22.413Z,1,3975,482,151328,169.703999996,0.000000000
700,2024-10-16T08:39:22.511Z,9,3849,126,151329,169.802000284,0.098000288
701,2024-10-16T08:39:22.874Z,1,2858,324,151330,170.164999962,0.362999678
702,2024-10-16T08:39:22.887Z,1,2284,61,151331,170.178000212,0.013000250
703,2024-10-16T08:39:22.966Z,1,1170,71,151332,170.257000208,0.078999996
704,2024-10-16T08:39:23.011Z,9,5077,10,151333,170.302000284,0.045000076
705,2024-10-16T08:39:23.013Z,1,1639,208,151334,170.304000139,0.001999855
706,2024-10-16T08:39:23.030Z,0,951,15,151335,170.321000338,0.017000198
707,2024-10-16T08:39:23.037Z,36,14490,370,151336,170.328000069,0.006999731
708,2024-10-16T08:39:23.124Z,1,400,137,151337,170.415000200,0.087000132
709,2024-10-16T08:39:23.211Z,1,696,57,151338,170.502000093,0.086999893
710,2024-10-16T08:39:23.374Z,1,1418,152,151339,170.665000200,0.163000107
711,2024-10-16T08:39:23.519Z,4,3363,10,151340,170.810000181,0.144999981
712,2024-10-16T08:39:23.833Z,1,346,36,151341,171.124000072,0.313999891
713,2024-10-16T08:39:23.836Z,1,810,119,151342,171.127000093,0.003000021
714,2024-10-16T08:39:23.858Z,1,1522,90,151343,171.148999929,0.021999836
715,2024-10-16T08:39:23.959Z,9,5082,10,151344,171.250000238,0.101000309
716,2024-10-16T08:39:24.029Z,1,1386,115,151345,171.320000172,0.069999933
717,2024-10-16T08:39:24.072Z,9,5030,10,151346,171.363000154,0.042999983
718,2024-10-16T08:39:24.162Z,1,1269,395,151347,171.453000069,0.089999914
719,2024-10-16T08:39:24.210Z,9,5167,10,151348,171.500999928,0.047999859
720,2024-10-16T08:39:24.214Z,1,1692,140,151349,171.505000353,0.004000425
721,2024-10-16T08:39:24.413Z,1,249,56,151350,171.703999996,0.198999643
722,2024-10-16T08:39:24.512Z,1,469,160,151351,171.803000212,0.099000216
723,2024-10-16T08:39:24.599Z,9,5511,10,151352,171.890000105,0.086999893
724,2024-10-16T08:39:25.018Z,1,629,211,151353,172.309000015,0.418999910
725,2024-10-16T08:39:25.170Z,1,2815,221,151354,172.460999966,0.151999950
726,2024-10-16T08:39:25.350Z,1,1378,119,151355,172.641000271,0.180000305
727,2024-10-16T08:39:25.463Z,1,2756,161,151356,172.754000187,0.112999916
728,2024-10-16T08:39:25.515Z,1,1774,27,151357,172.806000233,0.052000046
729,2024-10-16T08:39:25.516Z,1,729,1,151358,172.807000160,0.000999928
730,2024-10-16T08:39:25.573Z,1,706,49,151359,172.864000082,0.056999922
731,2024-10-16T08:39:25.582Z,1,1378,88,151360,172.873000145,0.009000063
732,2024-10-16T08:39:25.600Z,1,502,110,151361,172.891000032,0.017999887
733,2024-10-16T08:39:25.708Z,1,1706,1,151362,172.999000072,0.108000040
734,2024-10-16T08:39:26.018Z,1,346,39,151363,173.309000015,0.309999943
735,2024-10-16T08:39:26.033Z,1,3506,48,151364,173.324000120,0.015000105
736,2024-10-16T08:39:26.113Z,1,1048,98,151365,173.404000044,0.079999924
737,2024-10-16T08:39:26.275Z,1,346,44,151366,173.566000223,0.162000179
738,2024-10-16T08:39:26.276Z,0,867,5,151367,173.567000151,0.000999928
739,2024-10-16T08:39:26.332Z,1,660,234,151368,173.623000145,0.055999994
740,2024-10-16T08:39:26.353Z,1,3470,137,151369,173.644000053,0.020999908
741,2024-10-16T08:39:26.543Z,1,992,237,151370,173.834000111,0.190000057
742,2024-10-16T08:39:26.609Z,1,249,50,151371,173.900000095,0.065999985
743,2024-10-16T08:39:26.768Z,1,1125,99,151372,174.059000015,0.158999920
744,2024-10-16T08:39:26.850Z,0,1272,135,151373,174.141000032,0.082000017
745,2024-10-16T08:39:26.885Z,1,502,109,151374,174.176000118,0.035000086
746,2024-10-16T08:39:26.960Z,1,1446,136,151375,174.251000166,0.075000048
747,2024-10-16T08:39:26.962Z,0,429,1,151376,174.253000021,0.001999855
748,2024-10-16T08:39:26.962Z,1,1653,68,151377,174.253000021,0.000000000
749,2024-10-16T08:39:27.026Z,1,2221,150,151378,174.316999912,0.063999891
750,2024-10-16T08:39:27.026Z,1,2052,129,151379,174.316999912,0.000000000
751,2024-10-16T08:39:27.085Z,1,344,197,151380,174.376000166,0.059000254
752,2024-10-16T08:39:27.112Z,1,3905,31,151381,174.403000116,0.026999950
753,2024-10-16T08:39:27.225Z,1,1934,121,151382,174.516000032,0.112999916
754,2024-10-16T08:39:27.367Z,1,342,39,151383,174.658000231,0.142000198
755,2024-10-16T08:39:27.384Z,1,1869,27,151384,174.675000191,0.016999960
756,2024-10-16T08:39:27.384Z,1,1133,59,151385,174.675000191,0.000000000
757,2024-10-16T08:39:27.515Z,1,247,37,151386,174.806000233,0.131000042
758,2024-10-16T08:39:27.579Z,0,8232,20,151387,174.870000124,0.063999891
759,2024-10-16T08:39:27.672Z,1,375,39,151388,174.963000059,0.092999935
760,2024-10-16T08:39:27.772Z,1,993,98,151389,175.063000202,0.100000143
761,2024-10-16T08:39:27.781Z,1,1836,27,151390,175.072000027,0.008999825
762,2024-10-16T08:39:28.214Z,9,5469,10,151391,175.505000353,0.433000326
763,2024-10-16T08:39:28.280Z,1,1530,391,151392,175.571000099,0.065999746
764,2024-10-16T08:39:28.522Z,1,446,133,151393,175.812999964,0.241999865
765,2024-10-16T08:39:28.623Z,1,521,85,151394,175.914000273,0.101000309
766,2024-10-16T08:39:28.756Z,0,388,83,151395,176.047000170,0.132999897
767,2024-10-16T08:39:28.962Z,1,248,31,151396,176.253000021,0.205999851
768,2024-10-16T08:39:28.984Z,1,1812,32,151397,176.275000095,0.022000074
769,2024-10-16T08:39:29.017Z,0,983,136,151398,176.308000088,0.032999992
770,2024-10-16T08:39:29.126Z,9,5293,10,151399,176.417000294,0.109000206
771,2024-10-16T08:39:29.228Z,1,2155,130,151400,176.519000053,0.101999760
772,2024-10-16T08:39:29.276Z,0,843,50,151401,176.567000151,0.048000097
773,2024-10-16T08:39:29.292Z,9,4641,10,151402,176.583000183,0.016000032
774,2024-10-16T08:39:29.373Z,9,5067,10,151403,176.664000034,0.080999851
775,2024-10-16T08:39:29.576Z,1,2038,110,151404,176.867000103,0.203000069
776,2024-10-16T08:39:29.582Z,1,452,164,151405,176.873000145,0.006000042
777,2024-10-16T08:39:29.582Z,1,1236,500,151406,176.873000145,0.000000000
778,2024-10-16T08:39:29.727Z,1,893,86,151407,177.018000126,0.144999981
779,2024-10-16T08:39:29.776Z,1,885,180,151408,177.067000151,0.049000025
780,2024-10-16T08:39:30.126Z,1,1292,164,151409,177.417000294,0.350000143
781,2024-10-16T08:39:30.271Z,1,4544,147,151410,177.562000275,0.144999981
782,2024-10-16T08:39:30.274Z,1,1071,26,151411,177.565000057,0.002999783
783,2024-10-16T08:39:30.291Z,1,2079,120,151412,177.582000256,0.017000198
784,2024-10-16T08:39:30.326Z,1,1074,26,151413,177.617000341,0.035000086
785,2024-10-16T08:39:30.519Z,1,2635,200,151414,177.810000181,0.192999840
786,2024-10-16T08:39:30.735Z,1,2670,229,151415,178.026000261,0.216000080
787,2024-10-16T08:39:30.921Z,0,2128,796,151416,178.212000132,0.185999870
788,2024-10-16T08:39:31.011Z,9,4589,10,151417,178.302000284,0.090000153
789,2024-10-16T08:39:31.027Z,1,1372,132,151418,178.318000078,0.015999794
790,2024-10-16T08:39:31.211Z,1,1372,131,151419,178.502000093,0.184000015
791,2024-10-16T08:39:31.277Z,1,1288,1,151420,178.568000078,0.065999985
792,2024-10-16T08:39:31.333Z,1,1240,26,151421,178.624000072,0.055999994
793,2024-10-16T08:39:31.634Z,0,295,35,151422,178.924999952,0.300999880
794,2024-10-16T08:39:31.672Z,1,1471,328,151423,178.963000059,0.038000107
795,2024-10-16T08:39:31.840Z,1,828,1,151424,179.131000042,0.167999983
796,2024-10-16T08:39:31.962Z,1,941,219,151425,179.253000021,0.121999979
797,2024-10-16T08:39:31.978Z,1,1122,111,151426,179.269000053,0.016000032
798,2024-10-16T08:39:32.028Z,1,959,26,151427,179.319000244,0.050000191
799,2024-10-16T08:39:32.105Z,1,967,244,151428,179.396000147,0.076999903
800,2024-10-16T08:39:32.126Z,1,1810,99,151429,179.417000294,0.021000147
801,2024-10-16T08:39:32.133Z,1,2814,258,151430,179.424000025,0.006999731
802,2024-10-16T08:39:32.275Z,1,1048,101,151431,179.566000223,0.142000198
803,2024-10-16T08:39:32.526Z,9,4260,14,151432,179.817000151,0.250999928
804,2024-10-16T08:39:32.711Z,0,5497,69,151433,180.002000093,0.184999943
805,2024-10-16T08:39:32.711Z,1,1172,90,151434,180.002000093,0.000000000
806,2024-10-16T08:39:32.824Z,0,1248,160,151435,180.115000010,0.112999916
807,2024-10-16T08:39:32.963Z,9,3847,122,151436,180.254000187,0.139000177
808,2024-10-16T08:39:33.083Z,1,1037,26,151437,180.374000311,0.120000124
809,2024-10-16T08:39:33.111Z,1,1298,68,151438,180.402000189,0.027999878
810,2024-10-16T08:39:33.420Z,1,1037,26,151439,180.711000204,0.309000015
811,2024-10-16T08:39:33.522Z,1,128,7,151440,180.812999964,0.101999760
812,2024-10-16T08:39:33.522Z,1,249,36,151441,180.812999964,0.000000000
813,2024-10-16T08:39:33.773Z,1,2450,399,151442,181.064000130,0.251000166
814,2024-10-16T08:39:33.780Z,1,1130,26,151443,181.071000099,0.006999969
815,2024-10-16T08:39:33.857Z,1,955,28,151444,181.148000002,0.076999903
816,2024-10-16T08:39:33.921Z,0,425,1000,151445,181.212000132,0.064000130
817,2024-10-16T08:39:33.961Z,1,1006,28,151446,181.252000093,0.039999962
818,2024-10-16T08:39:34.017Z,0,443,25,151447,181.308000088,0.055999994
819,2024-10-16T08:39:34.226Z,1,4334,190,151448,181.516999960,0.208999872
820,2024-10-16T08:39:34.457Z,1,344,174,151449,181.748000145,0.231000185
821,2024-10-16T08:39:34.725Z,1,1205,283,151450,182.016000032,0.267999887
822,2024-10-16T08:39:34.836Z,1,1074,28,151451,182.127000093,0.111000061
823,2024-10-16T08:39:34.837Z,1,1195,26,151452,182.128000021,0.000999928
824,2024-10-16T08:39:35.258Z,0,951,51,151453,182.549000025,0.421000004
825,2024-10-16T08:39:35.272Z,1,470,116,151454,182.563000202,0.014000177
826,2024-10-16T08:39:35.371Z,1,1198,26,151455,182.662000179,0.098999977
827,2024-10-16T08:39:35.514Z,1,652,159,151456,182.805000067,0.142999887
828,2024-10-16T08:39:35.725Z,1,698,43,151457,183.016000032,0.210999966
829,2024-10-16T08:39:36.225Z,1,687,44,151458,183.516000032,0.500000000
830,2024-10-16T08:39:36.333Z,1,657,189,151459,183.624000072,0.108000040
831,2024-10-16T08:39:36.386Z,1,1992,94,151460,183.677000046,0.052999973
832,2024-10-16T08:39:36.581Z,0,1019,28,151461,183.871999979,0.194999933
833,2024-10-16T08:39:36.725Z,0,3585,3,151462,184.016000032,0.144000053
834,2024-10-16T08:39:36.890Z,9,5190,10,151463,184.180999994,0.164999962
835,2024-10-16T08:39:37.257Z,0,321,518,151464,184.548000097,0.367000103
836,2024-10-16T08:39:37.352Z,1,1687,99,151465,184.643000126,0.095000029
837,2024-10-16T08:39:37.776Z,1,721,54,151466,185.067000151,0.424000025
838,2024-10-16T08:39:37.979Z,1,3213,456,151467,185.270000219,0.203000069
839,2024-10-16T08:39:37.987Z,1,3551,364,151468,185.278000116,0.007999897
840,2024-10-16T08:39:38.065Z,0,218,11,151469,185.355999947,0.077999830
841,2024-10-16T08:39:38.210Z,1,1728,59,151470,185.500999928,0.144999981
842,2024-10-16T08:39:39.278Z,1,345,51,151471,186.569000244,1.068000317
843,2024-10-16T08:39:39.278Z,9,3845,155,151472,186.569000244,0.000000000
844,2024-10-16T08:39:39.526Z,1,2685,86,151473,186.817000151,0.247999907
845,2024-10-16T08:39:39.710Z,1,1015,334,151474,187.001000166,0.184000015
846,2024-10-16T08:39:39.861Z,0,5250,10,151475,187.151999950,0.150999784
847,2024-10-16T08:39:40.015Z,1,1430,133,151476,187.306000233,0.154000282
848,2024-10-16T08:39:40.211Z,0,1223,116,151477,187.502000093,0.195999861
849,2024-10-16T08:39:40.211Z,1,1602,68,151478,187.502000093,0.000000000
850,2024-10-16T08:39:40.362Z,1,1455,126,151479,187.653000116,0.151000023
851,2024-10-16T08:39:40.368Z,1,468,1,151480,187.659000158,0.006000042
852,2024-10-16T08:39:40.462Z,1,1614,76,151481,187.753000259,0.094000101
853,2024-10-16T08:39:40.537Z,0,3460,173,151482,187.828000069,0.074999809
854,2024-10-16T08:39:40.772Z,1,1717,104,151483,188.063000202,0.235000134
855,2024-10-16T08:39:40.960Z,1,2924,224,151484,188.251000166,0.187999964
856,2024-10-16T08:39:41.022Z,1,426,84,151485,188.313000202,0.062000036
857,2024-10-16T08:39:41.272Z,0,3167,45,151486,188.563000202,0.250000000
858,2024-10-16T08:39:41.385Z,1,445,201,151487,188.676000118,0.112999916
859,2024-10-16T08:39:41.480Z,0,1516,233,151488,188.771000147,0.095000029
860,2024-10-16T08:39:41.738Z,0,2373,25,151489,189.029000044,0.257999897
861,2024-10-16T08:39:42.116Z,1,930,230,151490,189.407000065,0.378000021
862,2024-10-16T08:39:42.209Z,1,346,31,151491,189.500000000,0.092999935
863,2024-10-16T08:39:42.271Z,0,264,5,151492,189.562000275,0.062000275
864,2024-10-16T08:39:42.276Z,1,1052,357,151493,189.567000151,0.004999876
865,2024-10-16T08:39:42.276Z,1,705,67,151494,189.567000151,0.000000000
866,2024-10-16T08:39:42.293Z,1,1661,180,151495,189.584000111,0.016999960
867,2024-10-16T08:39:42.462Z,1,1409,81,151496,189.753000259,0.169000149
868,2024-10-16T08:39:42.618Z,9,5204,10,151497,189.908999920,0.155999660
869,2024-10-16T08:39:42.774Z,1,3047,537,151498,190.065000296,0.156000376
870,2024-10-16T08:39:42.862Z,9,3851,133,151499,190.153000355,0.088000059
871,2024-10-16T08:39:42.868Z,9,3647,119,151500,190.159000158,0.005999804
872,2024-10-16T08:39:42.923Z,16,5674,289,151501,190.214000225,0.055000067
873,2024-10-16T08:39:43.102Z,9,4999,10,151502,190.393000364,0.179000139
874,2024-10-16T08:39:43.763Z,1,3862,202,151503,191.054000139,0.660999775
875,2024-10-16T08:39:43.960Z,1,3212,424,151504,191.251000166,0.197000027
876,2024-10-16T08:39:44.008Z,0,708,76,151505,191.299000025,0.047999859
877,2024-10-16T08:39:44.107Z,9,5268,10,151506,191.398000240,0.099000216
878,2024-10-16T08:39:44.114Z,1,359,112,151507,191.404999971,0.006999731
879,2024-10-16T08:39:44.120Z,1,2507,34,151508,191.411000013,0.006000042
880,2024-10-16T08:39:44.273Z,0,2117,910,151509,191.564000130,0.153000116
881,2024-10-16T08:39:44.487Z,1,1412,577,151510,191.778000116,0.213999987
882,2024-10-16T08:39:44.513Z,1,612,274,151511,191.804000139,0.026000023
883,2024-10-16T08:39:44.775Z,1,940,220,151512,192.066000223,0.262000084
884,2024-10-16T08:39:44.923Z,1,2142,140,151513,192.214000225,0.148000002
885,2024-10-16T08:39:45.274Z,1,1534,227,151514,192.565000057,0.350999832
886,2024-10-16T08:39:45.275Z,1,1236,229,151515,192.566000223,0.001000166
887,2024-10-16T08:39:45.276Z,1,656,162,151516,192.567000151,0.000999928
888,2024-10-16T08:39:45.707Z,1,285,42,151517,192.998000145,0.430999994
889,2024-10-16T08:39:45.711Z,1,2175,224,151518,193.002000093,0.003999949
890,2024-10-16T08:39:46.039Z,1,346,35,151519,193.330000162,0.328000069
891,2024-10-16T08:39:46.353Z,0,525,134,151520,193.644000053,0.313999891
892,2024-10-16T08:39:46.457Z,1,1688,123,151521,193.748000145,0.104000092
893,2024-10-16T08:39:46.458Z,1,1345,90,151522,193.749000072,0.000999928
894,2024-10-16T08:39:46.519Z,0,3519,199,151523,193.810000181,0.061000109
895,2024-10-16T08:39:46.537Z,9,7467,10,151524,193.828000069,0.017999887
896,2024-10-16T08:39:46.710Z,1,3009,253,151525,194.001000166,0.173000097
897,2024-10-16T08:39:46.788Z,1,1571,20,151526,194.079000235,0.078000069
898,2024-10-16T08:39:46.788Z,1,1409,25,151527,194.079000235,0.000000000
899,2024-10-16T08:39:46.852Z,1,1270,118,151528,194.143000126,0.063999891
900,2024-10-16T08:39:47.539Z,1,1691,140,151529,194.830000162,0.687000036
901,2024-10-16T08:39:47.855Z,0,838,35,151530,195.146000147,0.315999985
902,2024-10-16T08:39:47.957Z,1,1263,27,151531,195.248000145,0.101999998
903,2024-10-16T08:39:48.084Z,1,2145,35,151532,195.375000238,0.127000093
904,2024-10-16T08:39:48.084Z,9,5069,10,151533,195.375000238,0.000000000
905,2024-10-16T08:39:48.210Z,1,261,41,151534,195.500999928,0.125999689
906,2024-10-16T08:39:48.605Z,1,1629,105,151535,195.896000147,0.395000219
907,2024-10-16T08:39:49.015Z,9,3479,326,151536,196.306000233,0.410000086
908,2024-10-16T08:39:49.041Z,1,1604,496,151537,196.332000017,0.025999784
909,2024-10-16T08:39:49.271Z,1,385,79,151538,196.562000275,0.230000257
910,2024-10-16T08:39:49.522Z,1,1205,287,151539,196.812999964,0.250999689
911,2024-10-16T08:39:50.089Z,0,2152,275,151540,197.380000114,0.567000151
912,2024-10-16T08:39:50.335Z,1,1668,129,151541,197.626000166,0.246000051
913,2024-10-16T08:39:51.088Z,0,1603,225,151542,198.379000187,0.753000021
914,2024-10-16T08:39:51.099Z,1,1712,111,151543,198.390000105,0.010999918
915,2024-10-16T08:39:51.822Z,9,5083,10,151544,199.113000154,0.723000050
916,2024-10-16T08:39:51.839Z,1,3060,405,151545,199.130000114,0.016999960
917,2024-10-16T08:39:52.336Z,1,247,55,151546,199.627000093,0.496999979
918,2024-10-16T08:39:52.513Z,1,2965,366,151547,199.804000139,0.177000046
919,2024-10-16T08:39:52.603Z,1,1264,52,151548,199.894000292,0.090000153
920,2024-10-16T08:39:52.603Z,1,1409,55,151549,199.894000292,0.000000000
921,2024-10-16T08:39:52.769Z,1,379,45,151550,200.060000181,0.165999889
922,2024-10-16T08:39:52.787Z,0,743,73,151551,200.078000307,0.018000126
923,2024-10-16T08:39:53.478Z,0,156,21,151552,200.769000292,0.690999985
924,2024-10-16T08:39:53.708Z,9,5089,10,151553,200.999000072,0.229999781
925,2024-10-16T08:39:53.708Z,1,1054,75,151554,200.999000072,0.000000000
926,2024-10-16T08:39:53.839Z,9,5007,10,151555,201.130000114,0.131000042
927,2024-10-16T08:39:54.354Z,0,967,27,151556,201.644999981,0.514999866
928,2024-10-16T08:39:54.582Z,1,3651,315,151557,201.873000145,0.228000164
929,2024-10-16T08:39:54.832Z,1,724,20,151558,202.123000145,0.250000000
930,2024-10-16T08:39:55.012Z,1,532,71,151559,202.303000212,0.180000067
931,2024-10-16T08:39:55.293Z,1,2670,222,151560,202.584000111,0.280999899
932,2024-10-16T08:39:55.762Z,1,2885,347,151561,203.052999973,0.468999863
933,2024-10-16T08:39:55.962Z,0,1617,313,151562,203.253000021,0.200000048
934,2024-10-16T08:39:56.019Z,1,1174,59,151563,203.310000181,0.057000160
935,2024-10-16T08:39:56.122Z,0,639,9,151564,203.413000107,0.102999926
936,2024-10-16T08:39:56.122Z,0,620,555,151565,203.413000107,0.000000000
937,2024-10-16T08:39:56.274Z,1,1610,453,151566,203.565000057,0.151999950
938,2024-10-16T08:39:56.355Z,0,5404,2332,151567,203.646000147,0.081000090
939,2024-10-16T08:39:56.463Z,1,1712,124,151568,203.754000187,0.108000040
940,2024-10-16T08:39:56.519Z,1,1149,314,151569,203.810000181,0.055999994
941,2024-10-16T08:39:56.714Z,9,3816,126,151570,204.005000114,0.194999933
942,2024-10-16T08:39:57.070Z,0,137,1,151571,204.361000299,0.356000185
943,2024-10-16T08:39:57.261Z,1,1165,80,151572,204.552000046,0.190999746
944,2024-10-16T08:39:57.261Z,1,706,62,151573,204.552000046,0.000000000
945,2024-10-16T08:39:57.519Z,0,341,312,151574,204.810000181,0.258000135
946,2024-10-16T08:39:57.581Z,1,4109,288,151575,204.871999979,0.061999798
947,2024-10-16T08:39:57.637Z,1,2591,379,151576,204.927999973,0.055999994
948,2024-10-16T08:39:57.769Z,1,1589,97,151577,205.060000181,0.132000208
949,2024-10-16T08:39:57.823Z,0,219,4,151578,205.114000082,0.053999901
950,2024-10-16T08:39:58.081Z,1,448,157,151579,205.371999979,0.257999897
951,2024-10-16T08:39:58.514Z,1,971,268,151580,205.805000067,0.433000088
952,2024-10-16T08:39:58.543Z,1,2010,105,151581,205.834000111,0.029000044
953,2024-10-16T08:39:58.605Z,0,244,12,151582,205.896000147,0.062000036
954,2024-10-16T08:39:58.833Z,1,698,71,151583,206.124000072,0.227999926
955,2024-10-16T08:39:58.834Z,0,443,192,151584,206.125000000,0.000999928
956,2024-10-16T08:39:59.214Z,1,698,64,151585,206.505000353,0.380000353
957,2024-10-16T08:39:59.260Z,9,5429,10,151586,206.551000118,0.045999765
958,2024-10-16T08:39:59.333Z,9,4988,10,151587,206.624000072,0.072999954
959,2024-10-16T08:39:59.521Z,1,3186,244,151588,206.812000036,0.187999964
960,2024-10-16T08:39:59.570Z,1,1595,63,151589,206.861000061,0.049000025
961,2024-10-16T08:39:59.769Z,0,380,378,151590,207.060000181,0.199000120
962,2024-10-16T08:39:59.821Z,0,3396,29,151591,207.111999989,0.051999807
963,2024-10-16T08:40:00.271Z,1,247,45,151592,207.562000275,0.450000286
964,2024-10-16T08:40:00.464Z,0,302,13,151593,207.755000114,0.192999840
965,2024-10-16T08:40:01.064Z,0,230,12,151594,208.355000019,0.599999905
966,2024-10-16T08:40:01.461Z,9,5319,10,151595,208.752000093,0.397000074
967,2024-10-16T08:40:01.586Z,1,683,107,151596,208.877000093,0.125000000
968,2024-10-16T08:40:01.616Z,0,1433,379,151597,208.907000065,0.029999971
969,2024-10-16T08:40:01.820Z,1,689,58,151598,209.111000061,0.203999996
970,2024-10-16T08:40:01.964Z,1,377,33,151599,209.255000114,0.144000053
971,2024-10-16T08:40:02.038Z,9,5306,175,151600,209.329000235,0.074000120
972,2024-10-16T08:40:02.070Z,1,1640,87,151601,209.361000299,0.032000065
973,2024-10-16T08:40:02.271Z,1,1401,283,151602,209.562000275,0.200999975
974,2024-10-16T08:40:02.713Z,1,699,42,151603,210.003999949,0.441999674
975,2024-10-16T08:40:02.734Z,0,713,165,151604,210.025000334,0.021000385
976,2024-10-16T08:40:03.081Z,9,5310,10,151605,210.371999979,0.346999645
977,2024-10-16T08:40:03.256Z,1,1243,3,151606,210.547000170,0.175000191
978,2024-10-16T08:40:03.581Z,1,1169,72,151607,210.871999979,0.324999809
979,2024-10-16T08:40:03.717Z,0,1749,357,151608,211.008000135,0.136000156
980,2024-10-16T08:40:03.761Z,1,247,36,151609,211.052000046,0.043999910
981,2024-10-16T08:40:03.773Z,0,783,210,151610,211.064000130,0.012000084
982,2024-10-16T08:40:03.785Z,1,1759,25,151611,211.075999975,0.011999846
983,2024-10-16T08:40:03.961Z,1,453,207,151612,211.252000093,0.176000118
984,2024-10-16T08:40:04.270Z,9,5180,10,151613,211.561000347,0.309000254
985,2024-10-16T08:40:04.324Z,1,971,101,151614,211.615000010,0.053999662
986,2024-10-16T08:40:04.461Z,1,1399,139,151615,211.752000093,0.137000084
987,2024-10-16T08:40:04.536Z,9,4260,14,151616,211.827000141,0.075000048
988,2024-10-16T08:40:04.771Z,1,1433,1,151617,212.062000275,0.235000134
989,2024-10-16T08:40:04.960Z,1,2087,127,151618,212.251000166,0.188999891
990,2024-10-16T08:40:05.023Z,0,896,13,151619,212.314000130,0.062999964
991,2024-10-16T08:40:05.083Z,0,2714,328,151620,212.374000311,0.060000181
992,2024-10-16T08:40:05.119Z,1,7325,446,151621,212.410000086,0.035999775
993,2024-10-16T08:40:05.269Z,1,3353,180,151622,212.560000181,0.150000095
994,2024-10-16T08:40:05.462Z,1,1824,30,151623,212.753000259,0.193000078
995,2024-10-16T08:40:05.519Z,1,346,30,151624,212.810000181,0.056999922
996,2024-10-16T08:40:05.712Z,1,971,101,151625,213.003000021,0.192999840
997,2024-10-16T08:40:06.419Z,1,1915,509,151626,213.710000277,0.707000256
998,2024-10-16T08:40:06.460Z,1,1507,139,151627,213.751000166,0.040999889
999,2024-10-16T08:40:06.507Z,1,3634,217,151628,213.798000097,0.046999931
1000,2024-10-16T08:40:06.756Z,0,6558,211,151629,214.047000170,0.249000072
1001,2024-10-16T08:40:07.081Z,1,1713,51,151630,214.371999979,0.324999809
1002,2024-10-16T08:40:07.357Z,1,468,1,151631,214.648000002,0.276000023
1003,2024-10-16T08:40:07.711Z,0,143,4,151632,215.002000093,0.354000092
1004,2024-10-16T08:40:07.711Z,1,1883,48,151633,215.002000093,0.000000000
1005,2024-10-16T08:40:07.762Z,0,209,14,151634,215.052999973,0.050999880
1006,2024-10-16T08:40:08.109Z,9,5054,10,151635,215.400000095,0.347000122
1007,2024-10-16T08:40:08.241Z,1,343,56,151636,215.532000065,0.131999969
1008,2024-10-16T08:40:08.607Z,0,350,247,151637,215.898000240,0.366000175
1009,2024-10-16T08:40:09.257Z,1,1523,286,151638,216.548000097,0.649999857
1010,2024-10-16T08:40:09.272Z,1,3489,136,151639,216.563000202,0.015000105
1011,2024-10-16T08:40:09.357Z,1,680,53,151640,216.648000002,0.084999800
1012,2024-10-16T08:40:09.984Z,1,1173,82,151641,217.275000095,0.627000093
1013,2024-10-16T08:40:10.024Z,0,3631,267,151642,217.315000057,0.039999962
1014,2024-10-16T08:40:10.069Z,9,3851,138,151643,217.360000134,0.045000076
1015,2024-10-16T08:40:10.237Z,0,715,77,151644,217.528000116,0.167999983
1016,2024-10-16T08:40:10.275Z,1,1178,80,151645,217.566000223,0.038000107
1017,2024-10-16T08:40:10.333Z,1,696,49,151646,217.624000072,0.057999849
1018,2024-10-16T08:40:10.485Z,1,440,90,151647,217.776000023,0.151999950
1019,2024-10-16T08:40:10.960Z,1,5782,113,151648,218.251000166,0.475000143
1020,2024-10-16T08:40:11.063Z,9,113425,1176,151649,218.354000092,0.102999926
1021,2024-10-16T08:40:11.210Z,9,6274,10,151650,218.500999928,0.146999836
1022,2024-10-16T08:40:11.278Z,9,3850,129,151651,218.569000244,0.068000317
1023,2024-10-16T08:40:11.355Z,9,3851,146,151652,218.646000147,0.076999903
1024,2024-10-16T08:40:11.518Z,0,339,1000,151653,218.809000254,0.163000107
1025,2024-10-16T08:40:11.570Z,1,4188,154,151654,218.861000061,0.051999807
1026,2024-10-16T08:40:11.773Z,1,1169,487,151655,219.064000130,0.203000069
1027,2024-10-16T08:40:11.786Z,1,1575,436,151656,219.076999903,0.012999773
1028,2024-10-16T08:40:11.849Z,0,1049,105,151657,219.140000105,0.063000202
1029,2024-10-16T08:40:11.864Z,100,14854,1075,151658,219.155000210,0.015000105
1030,2024-10-16T08:40:11.957Z,1,3399,292,151659,219.248000145,0.092999935
1031,2024-10-16T08:40:12.081Z,1,1699,175,151660,219.371999979,0.123999834
1032,2024-10-16T08:40:12.212Z,1,3445,234,151661,219.503000021,0.131000042
1033,2024-10-16T08:40:12.364Z,0,1615,237,151662,219.655000210,0.152000189
1034,2024-10-16T08:40:12.457Z,1,257,47,151663,219.748000145,0.092999935
1035,2024-10-16T08:40:12.989Z,1,258,40,151664,220.279999971,0.531999826
1036,2024-10-16T08:40:13.071Z,1,1617,103,151665,220.362000227,0.082000256
1037,2024-10-16T08:40:13.212Z,0,206,1,151666,220.503000021,0.140999794
1038,2024-10-16T08:40:13.836Z,0,217,1,151667,221.127000093,0.624000072
1039,2024-10-16T08:40:13.957Z,1,1173,85,151668,221.248000145,0.121000051
1040,2024-10-16T08:40:14.022Z,1,1746,29,151669,221.313000202,0.065000057
1041,2024-10-16T08:40:14.098Z,0,366,636,151670,221.388999939,0.075999737
1042,2024-10-16T08:40:14.211Z,1,1699,89,151671,221.502000093,0.113000154
1043,2024-10-16T08:40:14.240Z,0,835,13,151672,221.531000137,0.029000044
1044,2024-10-16T08:40:14.860Z,1,925,107,151673,222.151000023,0.619999886
1045,2024-10-16T08:40:15.019Z,1,1021,28,151674,222.310000181,0.159000158
1046,2024-10-16T08:40:15.088Z,0,5795,34,151675,222.379000187,0.069000006
1047,2024-10-16T08:40:15.358Z,1,1169,76,151676,222.649000168,0.269999981
1048,2024-10-16T08:40:15.463Z,9,6913,10,151677,222.754000187,0.105000019
1049,2024-10-16T08:40:15.707Z,1,1030,186,151678,222.998000145,0.243999958
1050,2024-10-16T08:40:15.820Z,0,1495,92,151679,223.111000061,0.112999916
1051,2024-10-16T08:40:15.961Z,1,987,281,151680,223.252000093,0.141000032
1052,2024-10-16T08:40:16.024Z,0,2478,839,151681,223.315000057,0.062999964
1053,2024-10-16T08:40:16.243Z,1,1103,98,151682,223.534000158,0.219000101
1054,2024-10-16T08:40:16.569Z,0,4948,233,151683,223.860000134,0.325999975
1055,2024-10-16T08:40:16.762Z,0,111,25,151684,224.052999973,0.192999840
1056,2024-10-16T08:40:16.769Z,1,1195,482,151685,224.060000181,0.007000208
1057,2024-10-16T08:40:16.776Z,0,1803,1,151686,224.067000151,0.006999969
1058,2024-10-16T08:40:17.006Z,100,14854,386,151687,224.297000170,0.230000019
1059,2024-10-16T08:40:17.019Z,0,1775,219,151688,224.310000181,0.013000011
1060,2024-10-16T08:40:17.209Z,1,1764,110,151689,224.500000000,0.189999819
1061,2024-10-16T08:40:17.210Z,1,129,9,151690,224.500999928,0.000999928
1062,2024-10-16T08:40:17.522Z,1,2371,8,151691,224.812999964,0.312000036
1063,2024-10-16T08:40:17.606Z,1,384,83,151692,224.897000313,0.084000349
1064,2024-10-16T08:40:17.957Z,1,1644,66,151693,225.248000145,0.350999832
1065,2024-10-16T08:40:18.173Z,0,3334,90,151694,225.463999987,0.215999842
1066,2024-10-16T08:40:18.207Z,1,1418,157,151695,225.498000145,0.034000158
1067,2024-10-16T08:40:18.582Z,1,1896,27,151696,225.873000145,0.375000000
1068,2024-10-16T08:40:19.240Z,9,6817,10,151697,226.531000137,0.657999992
1069,2024-10-16T08:40:19.325Z,0,1248,13,151698,226.616000175,0.085000038
1070,2024-10-16T08:40:19.606Z,1,397,61,151699,226.897000313,0.281000137
1071,2024-10-16T08:40:20.564Z,0,4648,96,151700,227.855000019,0.957999706
1072,2024-10-16T08:40:21.098Z,0,1157,531,151701,228.388999939,0.533999920
1073,2024-10-16T08:40:21.584Z,1,1996,172,151702,228.875000238,0.486000299
1074,2024-10-16T08:40:21.605Z,1,1171,72,151703,228.896000147,0.020999908
1075,2024-10-16T08:40:22.239Z,1,3494,341,151704,229.530000210,0.634000063
1076,2024-10-16T08:40:22.274Z,9,5088,10,151705,229.565000057,0.034999847
1077,2024-10-16T08:40:22.833Z,1,1164,81,151706,230.124000072,0.559000015
1078,2024-10-16T08:40:22.964Z,1,1409,29,151707,230.255000114,0.131000042
1079,2024-10-16T08:40:22.986Z,0,364,86,151708,230.276999950,0.021999836
1080,2024-10-16T08:40:23.036Z,0,822,588,151709,230.327000141,0.050000191
1081,2024-10-16T08:40:23.069Z,0,5735,53,151710,230.360000134,0.032999992
1082,2024-10-16T08:40:23.275Z,9,5049,10,151711,230.566000223,0.206000090
1083,2024-10-16T08:40:23.457Z,1,1433,1,151712,230.748000145,0.181999922
1084,2024-10-16T08:40:23.525Z,0,492,53,151713,230.815999985,0.067999840
1085,2024-10-16T08:40:23.537Z,0,463,32,151714,230.828000069,0.012000084
1086,2024-10-16T08:40:24.325Z,0,233,25,151715,231.616000175,0.788000107
1087,2024-10-16T08:40:24.461Z,0,1391,59,151716,231.752000093,0.135999918
1088,2024-10-16T08:40:24.489Z,1,1145,171,151717,231.779999971,0.027999878
1089,2024-10-16T08:40:24.538Z,0,1625,45,151718,231.828999996,0.049000025
1090,2024-10-16T08:40:24.707Z,1,470,118,151719,231.998000145,0.169000149
1091,2024-10-16T08:40:24.857Z,1,1205,381,151720,232.148000002,0.149999857
1092,2024-10-16T08:40:25.015Z,0,699,150,151721,232.306000233,0.158000231
1093,2024-10-16T08:40:25.076Z,0,713,75,151722,232.367000103,0.060999870
1094,2024-10-16T08:40:25.209Z,0,178,11,151723,232.500000000,0.132999897
1095,2024-10-16T08:40:25.240Z,1,442,321,151724,232.531000137,0.031000137
1096,2024-10-16T08:40:25.264Z,0,1750,153,151725,232.555000067,0.023999929
1097,2024-10-16T08:40:25.520Z,0,1211,15,151726,232.811000109,0.256000042
1098,2024-10-16T08:40:25.772Z,0,684,200,151727,233.063000202,0.252000093
1099,2024-10-16T08:40:26.108Z,1,3100,219,151728,233.399000168,0.335999966
1100,2024-10-16T08:40:26.212Z,0,433,63,151729,233.503000021,0.103999853
1101,2024-10-16T08:40:26.773Z,9,6856,192,151730,234.064000130,0.561000109
1102,2024-10-16T08:40:26.987Z,1,1409,70,151731,234.278000116,0.213999987
1103,2024-10-16T08:40:27.457Z,1,920,120,151732,234.748000145,0.470000029
1104,2024-10-16T08:40:27.458Z,1,3464,229,151733,234.749000072,0.000999928
1105,2024-10-16T08:40:27.713Z,1,1268,555,151734,235.003999949,0.254999876
1106,2024-10-16T08:40:27.982Z,0,3543,506,151735,235.273000240,0.269000292
1107,2024-10-16T08:40:28.245Z,4,4306,177,151736,235.536000013,0.262999773
1108,2024-10-16T08:40:28.276Z,0,483,9,151737,235.567000151,0.031000137
1109,2024-10-16T08:40:29.238Z,1,1571,20,151738,236.529000282,0.962000132
1110,2024-10-16T08:40:29.370Z,0,370,37,151739,236.661000013,0.131999731
1111,2024-10-16T08:40:29.522Z,1,3895,280,151740,236.812999964,0.151999950
1112,2024-10-16T08:40:30.208Z,0,767,462,151741,237.499000072,0.686000109
1113,2024-10-16T08:40:30.268Z,1,870,148,151742,237.559000015,0.059999943
1114,2024-10-16T08:40:30.518Z,1,1794,28,151743,237.809000254,0.250000238
1115,2024-10-16T08:40:30.584Z,25,29511,648,151744,237.875000238,0.065999985
1116,2024-10-16T08:40:30.773Z,0,941,1024,151745,238.064000130,0.188999891
1117,2024-10-16T08:40:30.844Z,0,871,617,151746,238.135000229,0.071000099
1118,2024-10-16T08:40:31.023Z,9,7058,10,151747,238.314000130,0.178999901
1119,2024-10-16T08:40:31.267Z,1,2311,7,151748,238.558000088,0.243999958
1120,2024-10-16T08:40:31.267Z,9,6403,10,151749,238.558000088,0.000000000
1121,2024-10-16T08:40:31.461Z,0,2964,54,151750,238.752000093,0.194000006
1122,2024-10-16T08:40:31.763Z,1,344,34,151751,239.054000139,0.302000046
1123,2024-10-16T08:40:31.831Z,0,284,40,151752,239.122000217,0.068000078
1124,2024-10-16T08:40:32.023Z,1,688,52,151753,239.314000130,0.191999912
1125,2024-10-16T08:40:32.123Z,0,256,63,151754,239.414000273,0.100000143
1126,2024-10-16T08:40:32.467Z,1,2887,385,151755,239.758000135,0.343999863
1127,2024-10-16T08:40:32.485Z,0,297,60,151756,239.776000023,0.017999887
1128,2024-10-16T08:40:33.024Z,0,2414,897,151757,240.315000057,0.539000034
1129,2024-10-16T08:40:33.270Z,1,1032,173,151758,240.561000347,0.246000290
1130,2024-10-16T08:40:33.463Z,1,1408,122,151759,240.754000187,0.192999840
1131,2024-10-16T08:40:33.735Z,1,543,89,151760,241.026000261,0.272000074
1132,2024-10-16T08:40:33.774Z,1,279,51,151761,241.065000296,0.039000034
1133,2024-10-16T08:40:33.775Z,1,252,54,151762,241.066000223,0.000999928
1134,2024-10-16T08:40:33.986Z,1,1633,73,151763,241.276999950,0.210999727
1135,2024-10-16T08:40:34.709Z,1,898,26,151764,242.000000000,0.723000050
1136,2024-10-16T08:40:34.961Z,1,1250,163,151765,242.252000093,0.252000093
1137,2024-10-16T08:40:35.266Z,1,3445,191,151766,242.556999922,0.304999828
1138,2024-10-16T08:40:35.713Z,1,1250,180,151767,243.003999949,0.447000027
1139,2024-10-16T08:40:36.271Z,1,1800,377,151768,243.562000275,0.558000326
1140,2024-10-16T08:40:36.484Z,1,1169,64,151769,243.775000095,0.212999821
1141,2024-10-16T08:40:36.864Z,0,487,32,151770,244.155000210,0.380000114
1142,2024-10-16T08:40:38.014Z,1,1417,27,151771,245.305000305,1.150000095
1143,2024-10-16T08:40:38.484Z,1,870,169,151772,245.775000095,0.469999790
1144,2024-10-16T08:40:38.527Z,0,5865,154,151773,245.818000078,0.042999983
1145,2024-10-16T08:40:38.709Z,9,5819,10,151774,246.000000000,0.181999922
1146,2024-10-16T08:40:38.957Z,1,356,262,151775,246.248000145,0.248000145
1147,2024-10-16T08:40:39.102Z,4,3085,418,151776,246.393000364,0.145000219
1148,2024-10-16T08:40:39.294Z,0,294,74,151777,246.585000277,0.191999912
1149,2024-10-16T08:40:40.019Z,1,701,64,151778,247.310000181,0.724999905
1150,2024-10-16T08:40:40.292Z,0,1215,10,151779,247.583000183,0.273000002
1151,2024-10-16T08:40:40.418Z,1,1409,25,151780,247.709000111,0.125999928
1152,2024-10-16T08:40:40.707Z,196,22419,316,151781,247.998000145,0.289000034
1153,2024-10-16T08:40:40.919Z,1,1288,1,151782,248.210000277,0.212000132
1154,2024-10-16T08:40:40.919Z,1,1869,140,151783,248.210000277,0.000000000
1155,2024-10-16T08:40:41.271Z,1,905,26,151784,248.562000275,0.351999998
1156,2024-10-16T08:40:41.462Z,9,6358,10,151785,248.753000259,0.190999985
1157,2024-10-16T08:40:41.796Z,0,170,369,151786,249.087000132,0.333999872
1158,2024-10-16T08:40:41.960Z,1,1271,87,151787,249.251000166,0.164000034
1159,2024-10-16T08:40:42.210Z,1,2756,209,151788,249.500999928,0.249999762
1160,2024-10-16T08:40:42.236Z,9,5088,10,151789,249.527000189,0.026000261
1161,2024-10-16T08:40:42.419Z,1,869,181,151790,249.710000277,0.183000088
1162,2024-10-16T08:40:42.816Z,0,3681,335,151791,250.107000113,0.396999836
1163,2024-10-16T08:40:43.517Z,1,687,50,151792,250.808000088,0.700999975
1164,2024-10-16T08:40:43.609Z,1,1270,477,151793,250.900000095,0.092000008
1165,2024-10-16T08:40:43.837Z,0,1015,26,151794,251.128000021,0.227999926
1166,2024-10-16T08:40:44.015Z,0,812,120,151795,251.306000233,0.178000212
1167,2024-10-16T08:40:44.165Z,0,1192,202,151796,251.456000090,0.149999857
1168,2024-10-16T08:40:44.210Z,1,6032,109,151797,251.500999928,0.044999838
1169,2024-10-16T08:40:44.762Z,0,1074,187,151798,252.052999973,0.552000046
1170,2024-10-16T08:40:44.961Z,9,5025,10,151799,252.252000093,0.199000120
1171,2024-10-16T08:40:45.167Z,9,3817,97,151800,252.458000183,0.206000090
1172,2024-10-16T08:40:45.236Z,1,546,149,151801,252.527000189,0.069000006
1173,2024-10-16T08:40:45.985Z,1,663,90,151802,253.276000023,0.748999834
1174,2024-10-16T08:40:46.015Z,0,748,57,151803,253.306000233,0.030000210
1175,2024-10-16T08:40:46.271Z,1,690,49,151804,253.562000275,0.256000042
1176,2024-10-16T08:40:47.236Z,1,1398,281,151805,254.527000189,0.964999914
1177,2024-10-16T08:40:47.484Z,0,1972,58,151806,254.775000095,0.247999907
1178,2024-10-16T08:40:47.514Z,1,1036,116,151807,254.805000067,0.029999971
1179,2024-10-16T08:40:47.514Z,1,1783,100,151808,254.805000067,0.000000000
1180,2024-10-16T08:40:47.567Z,0,499,28,151809,254.858000278,0.053000212
1181,2024-10-16T08:40:47.765Z,1,3911,270,151810,255.055999994,0.197999716
1182,2024-10-16T08:40:48.514Z,1,1280,163,151811,255.805000067,0.749000072
1183,2024-10-16T08:40:48.668Z,1,3203,89,151812,255.959000111,0.154000044
1184,2024-10-16T08:40:48.767Z,9,3851,63,151813,256.058000088,0.098999977
1185,2024-10-16T08:40:49.017Z,1,1170,75,151814,256.308000088,0.250000000
1186,2024-10-16T08:40:49.103Z,0,779,23,151815,256.394000292,0.086000204
1187,2024-10-16T08:40:49.210Z,0,939,15,151816,256.500999928,0.106999636
1188,2024-10-16T08:40:49.360Z,1,1392,138,151817,256.651000023,0.150000095
1189,2024-10-16T08:40:49.710Z,9,5136,10,151818,257.001000166,0.350000143
1190,2024-10-16T08:40:49.791Z,0,168,11,151819,257.082000256,0.081000090
1191,2024-10-16T08:40:50.024Z,0,423,306,151820,257.315000057,0.232999802
1192,2024-10-16T08:40:50.109Z,1,1027,132,151821,257.400000095,0.085000038
1193,2024-10-16T08:40:50.165Z,1,256,29,151822,257.456000090,0.055999994
1194,2024-10-16T08:40:50.262Z,0,1249,21,151823,257.553000212,0.097000122
1195,2024-10-16T08:40:50.767Z,1,2126,135,151824,258.058000088,0.504999876
1196,2024-10-16T08:40:50.964Z,1,345,22,151825,258.255000114,0.197000027
1197,2024-10-16T08:40:51.016Z,1,1653,208,151826,258.307000160,0.052000046
1198,2024-10-16T08:40:51.017Z,1,1409,86,151827,258.308000088,0.000999928
1199,2024-10-16T08:40:51.210Z,0,403,13,151828,258.500999928,0.192999840
1200,2024-10-16T08:40:51.418Z,0,889,13,151829,258.709000111,0.208000183
1201,2024-10-16T08:40:51.760Z,0,2291,127,151830,259.051000118,0.342000008
1202,2024-10-16T08:40:51.917Z,1,1173,78,151831,259.207999945,0.156999826
1203,2024-10-16T08:40:52.963Z,4,2615,6,151832,260.254000187,1.046000242
1204,2024-10-16T08:40:52.963Z,9,5053,10,151833,260.254000187,0.000000000
1205,2024-10-16T08:40:52.989Z,1,1654,170,151834,260.279999971,0.025999784
1206,2024-10-16T08:40:53.917Z,1,1643,212,151835,261.207999945,0.927999973
1207,2024-10-16T08:40:54.108Z,1,1209,20,151836,261.399000168,0.191000223
1208,2024-10-16T08:40:54.362Z,1,1418,7,151837,261.653000116,0.253999949
1209,2024-10-16T08:40:54.710Z,9,3580,14,151838,262.001000166,0.348000050
1210,2024-10-16T08:40:54.858Z,1,1693,130,151839,262.148999929,0.147999763
1211,2024-10-16T08:40:55.209Z,9,3847,133,151840,262.500000000,0.351000071
1212,2024-10-16T08:40:55.261Z,1,427,87,151841,262.552000046,0.052000046
1213,2024-10-16T08:40:55.415Z,9,6255,10,151842,262.706000090,0.154000044
1214,2024-10-16T08:40:55.608Z,0,3609,392,151843,262.899000168,0.193000078
1215,2024-10-16T08:40:56.216Z,1,1424,83,151844,263.507000208,0.608000040
1216,2024-10-16T08:40:56.216Z,1,1720,138,151845,263.507000208,0.000000000
1217,2024-10-16T08:40:56.417Z,1,2267,266,151846,263.707999945,0.200999737
1218,2024-10-16T08:40:56.609Z,1,1183,340,151847,263.900000095,0.192000151
1219,2024-10-16T08:40:57.213Z,1,1268,454,151848,264.503999949,0.603999853
1220,2024-10-16T08:40:57.713Z,1,1094,128,151849,265.003999949,0.500000000
1221,2024-10-16T08:40:58.349Z,0,5308,24,151850,265.640000105,0.636000156
1222,2024-10-16T08:40:58.539Z,1,936,88,151851,265.830000162,0.190000057
1223,2024-10-16T08:40:59.211Z,0,248,13,151852,266.502000093,0.671999931
1224,2024-10-16T08:40:59.291Z,1,583,137,151853,266.582000256,0.080000162
1225,2024-10-16T08:40:59.667Z,1,5201,104,151854,266.958000183,0.375999928
1226,2024-10-16T08:41:00.861Z,4,2161,149,151855,268.151999950,1.193999767
1227,2024-10-16T08:41:01.025Z,0,238,11,151856,268.315999985,0.164000034
1228,2024-10-16T08:41:01.039Z,0,809,110,151857,268.330000162,0.014000177
1229,2024-10-16T08:41:01.289Z,0,3589,599,151858,268.580000162,0.250000000
1230,2024-10-16T08:41:01.611Z,9,3679,60,151859,268.902000189,0.322000027
1231,2024-10-16T08:41:01.775Z,0,312,513,151860,269.066000223,0.164000034
1232,2024-10-16T08:41:02.540Z,1,3047,182,151861,269.831000090,0.764999866
1233,2024-10-16T08:41:03.113Z,1,347,23,151862,270.404000044,0.572999954
1234,2024-10-16T08:41:04.114Z,1,698,59,151863,271.404999971,1.000999928
1235,2024-10-16T08:41:04.214Z,0,111,5,151864,271.505000353,0.100000381
1236,2024-10-16T08:41:04.529Z,0,484,24,151865,271.820000172,0.314999819
1237,2024-10-16T08:41:04.614Z,1,958,135,151866,271.905000210,0.085000038
1238,2024-10-16T08:41:04.762Z,0,520,42,151867,272.052999973,0.147999763
1239,2024-10-16T08:41:05.017Z,1,3350,290,151868,272.308000088,0.255000114
1240,2024-10-16T08:41:05.211Z,81,14089,308,151869,272.502000093,0.194000006
1241,2024-10-16T08:41:05.769Z,0,157,65,151870,273.060000181,0.558000088
1242,2024-10-16T08:41:06.363Z,1,250,36,151871,273.654000282,0.594000101
1243,2024-10-16T08:41:06.484Z,1,1000,275,151872,273.775000095,0.120999813
1244,2024-10-16T08:41:06.861Z,4,4634,10,151873,274.151999950,0.376999855
1245,2024-10-16T08:41:08.727Z,0,424,35,151874,276.018000126,1.866000175
1246,2024-10-16T08:41:09.634Z,0,26362,42,151875,276.924999952,0.906999826
1247,2024-10-16T08:41:09.818Z,0,495,25,151876,277.108999968,0.184000015
1248,2024-10-16T08:41:10.611Z,1,1095,28,151877,277.902000189,0.793000221
1249,2024-10-16T08:41:11.163Z,0,2074,332,151878,278.454000235,0.552000046
1250,2024-10-16T08:41:11.293Z,1,1378,121,151879,278.584000111,0.129999876
1251,2024-10-16T08:41:11.312Z,0,832,37,151880,278.603000164,0.019000053
1252,2024-10-16T08:41:11.363Z,1,912,67,151881,278.654000282,0.051000118
1253,2024-10-16T08:41:11.539Z,1,895,192,151882,278.830000162,0.175999880
1254,2024-10-16T08:41:11.726Z,0,2564,1680,151883,279.017000198,0.187000036
1255,2024-10-16T08:41:11.788Z,0,232,3,151884,279.079000235,0.062000036
1256,2024-10-16T08:41:12.614Z,0,3525,113,151885,279.905000210,0.825999975
1257,2024-10-16T08:41:13.265Z,0,674,249,151886,280.555999994,0.650999784
1258,2024-10-16T08:41:15.564Z,0,2881,413,151887,282.855000019,2.299000025
1259,2024-10-16T08:41:15.582Z,0,422,224,151888,282.873000145,0.018000126
1260,2024-10-16T08:41:15.863Z,1,969,253,151889,283.154000282,0.281000137
1261,2024-10-16T08:41:16.462Z,1,1170,66,151890,283.753000259,0.598999977
1262,2024-10-16T08:41:18.460Z,0,342,531,151891,285.751000166,1.997999907
1263,2024-10-16T08:41:18.756Z,0,8685,70,151892,286.047000170,0.296000004
1264,2024-10-16T08:41:18.770Z,0,716,215,151893,286.061000109,0.013999939
1265,2024-10-16T08:41:18.815Z,0,1118,164,151894,286.106000185,0.045000076
1266,2024-10-16T08:41:19.112Z,0,3605,300,151895,286.403000116,0.296999931
1267,2024-10-16T08:41:19.212Z,1,1389,131,151896,286.503000021,0.099999905
1268,2024-10-16T08:41:19.791Z,1,3556,418,151897,287.082000256,0.579000235
1269,2024-10-16T08:41:19.861Z,1,2780,219,151898,287.151999950,0.069999695
1270,2024-10-16T08:41:20.506Z,0,851,44,151899,287.796999931,0.644999981
1271,2024-10-16T08:41:20.611Z,0,418,353,151900,287.902000189,0.105000257
1272,2024-10-16T08:41:21.420Z,9,3851,161,151901,288.711000204,0.809000015
1273,2024-10-16T08:41:21.475Z,0,445,31,151902,288.766000271,0.055000067
1274,2024-10-16T08:41:21.710Z,0,1419,538,151903,289.001000166,0.234999895
1275,2024-10-16T08:41:21.863Z,0,3557,289,151904,289.154000282,0.153000116
1276,2024-10-16T08:41:22.737Z,9,4785,326,151905,290.028000116,0.873999834
1277,2024-10-16T08:41:22.857Z,0,1592,105,151906,290.148000002,0.119999886
1278,2024-10-16T08:41:24.030Z,9,5043,10,151907,291.321000338,1.173000336
1279,2024-10-16T08:41:25.516Z,0,432,38,151908,292.807000160,1.485999823
1280,2024-10-16T08:41:26.961Z,1,2225,163,151909,294.252000093,1.444999933
1281,2024-10-16T08:41:27.279Z,1,1875,108,151910,294.570000172,0.318000078
1282,2024-10-16T08:41:27.348Z,1,2275,26,151911,294.639000177,0.069000006
1283,2024-10-16T08:41:27.961Z,0,933,15,151912,295.252000093,0.612999916
1284,2024-10-16T08:41:28.111Z,1,1426,122,151913,295.402000189,0.150000095
1285,2024-10-16T08:41:28.530Z,1,1169,93,151914,295.821000099,0.418999910
1286,2024-10-16T08:41:29.018Z,0,1190,287,151915,296.309000015,0.487999916
1287,2024-10-16T08:41:29.229Z,1,1312,26,151916,296.519999981,0.210999966
1288,2024-10-16T08:41:29.598Z,1,1208,28,151917,296.889000177,0.369000196
1289,2024-10-16T08:41:29.606Z,0,212,1,151918,296.897000313,0.008000135
1290,2024-10-16T08:41:29.728Z,1,263,29,151919,297.019000053,0.121999741
1291,2024-10-16T08:41:30.213Z,1,1026,26,151920,297.503999949,0.484999895
1292,2024-10-16T08:41:31.227Z,1,1163,26,151921,298.518000126,1.014000177
1293,2024-10-16T08:41:31.275Z,1,953,28,151922,298.566000223,0.048000097
1294,2024-10-16T08:41:31.329Z,0,164,11,151923,298.620000124,0.053999901
1295,2024-10-16T08:41:31.457Z,1,1386,28,151924,298.748000145,0.128000021
1296,2024-10-16T08:41:33.102Z,1,2010,147,151925,300.393000364,1.645000219
1297,2024-10-16T08:41:33.712Z,0,2074,365,151926,301.003000021,0.609999657
1298,2024-10-16T08:41:33.769Z,1,1529,29,151927,301.060000181,0.057000160
1299,2024-10-16T08:41:33.779Z,1,1780,29,151928,301.070000172,0.009999990
1300,2024-10-16T08:41:33.779Z,1,939,28,151929,301.070000172,0.000000000
1301,2024-10-16T08:41:34.103Z,1,390,211,151930,301.394000292,0.324000120
1302,2024-10-16T08:41:34.726Z,1,2433,96,151931,302.017000198,0.622999907
1303,2024-10-16T08:41:35.103Z,0,961,82,151932,302.394000292,0.377000093
1304,2024-10-16T08:41:35.414Z,0,591,85,151933,302.705000162,0.310999870
1305,2024-10-16T08:41:35.736Z,1,1236,500,151934,303.027000189,0.322000027
1306,2024-10-16T08:41:35.856Z,1,793,91,151935,303.147000074,0.119999886
1307,2024-10-16T08:41:36.518Z,1,265,30,151936,303.809000254,0.662000179
1308,2024-10-16T08:41:36.710Z,1,689,38,151937,304.001000166,0.191999912
1309,2024-10-16T08:41:36.710Z,1,1167,82,151938,304.001000166,0.000000000
1310,2024-10-16T08:41:36.768Z,0,7252,46,151939,304.059000015,0.057999849
1311,2024-10-16T08:41:36.777Z,9,6460,10,151940,304.068000078,0.009000063
1312,2024-10-16T08:41:36.777Z,4,2633,1,151941,304.068000078,0.000000000
1313,2024-10-16T08:41:37.104Z,1,1175,26,151942,304.395000219,0.327000141
1314,2024-10-16T08:41:37.678Z,0,522,66,151943,304.969000340,0.574000120
1315,2024-10-16T08:41:37.776Z,1,1013,41,151944,305.067000151,0.097999811
1316,2024-10-16T08:41:38.709Z,1,265,31,151945,306.000000000,0.932999849
1317,2024-10-16T08:41:38.709Z,1,253,25,151946,306.000000000,0.000000000
1318,2024-10-16T08:41:38.977Z,1,2855,250,151947,306.268000126,0.268000126
1319,2024-10-16T08:41:39.957Z,1,698,73,151948,307.248000145,0.980000019
1320,2024-10-16T08:41:39.963Z,1,2232,101,151949,307.254000187,0.006000042
1321,2024-10-16T08:41:40.100Z,1,1329,26,151950,307.391000032,0.136999846
1322,2024-10-16T08:41:40.356Z,0,1227,25,151951,307.647000074,0.256000042
1323,2024-10-16T08:41:40.462Z,1,1172,98,151952,307.753000259,0.106000185
1324,2024-10-16T08:41:40.727Z,1,1601,84,151953,308.018000126,0.264999866
1325,2024-10-16T08:41:40.840Z,0,1052,104,151954,308.131000042,0.112999916
1326,2024-10-16T08:41:40.852Z,0,869,50,151955,308.143000126,0.012000084
1327,2024-10-16T08:41:41.524Z,4,2633,1,151956,308.815000057,0.671999931
1328,2024-10-16T08:41:41.820Z,0,347,709,151957,309.111000061,0.296000004
1329,2024-10-16T08:41:42.265Z,0,506,60,151958,309.555999994,0.444999933
1330,2024-10-16T08:41:42.537Z,0,494,85,151959,309.828000069,0.272000074
1331,2024-10-16T08:41:43.114Z,1,2414,41,151960,310.404999971,0.576999903
1332,2024-10-16T08:41:43.985Z,1,2896,492,151961,311.276000023,0.871000051
1333,2024-10-16T08:41:44.271Z,1,1236,312,151962,311.562000275,0.286000252
1334,2024-10-16T08:41:44.462Z,1,1750,359,151963,311.753000259,0.190999985
1335,2024-10-16T08:41:44.462Z,1,1011,23,151964,311.753000259,0.000000000
1336,2024-10-16T08:41:45.355Z,1,1930,30,151965,312.646000147,0.892999887
1337,2024-10-16T08:41:45.613Z,0,223,11,151966,312.904000044,0.257999897
1338,2024-10-16T08:41:46.271Z,9,6390,10,151967,313.562000275,0.658000231
1339,2024-10-16T08:41:46.710Z,9,6499,10,151968,314.001000166,0.438999891
1340,2024-10-16T08:41:46.731Z,1,922,229,151969,314.022000074,0.020999908
1341,2024-10-16T08:41:46.811Z,0,7546,676,151970,314.102000237,0.080000162
1342,2024-10-16T08:41:46.863Z,4,2055,234,151971,314.154000282,0.052000046
1343,2024-10-16T08:41:46.960Z,1,2780,345,151972,314.251000166,0.096999884
1344,2024-10-16T08:41:47.018Z,1,364,102,151973,314.309000015,0.057999849
1345,2024-10-16T08:41:47.711Z,1,251,38,151974,315.002000093,0.693000078
1346,2024-10-16T08:41:47.819Z,0,860,53,151975,315.110000134,0.108000040
1347,2024-10-16T08:41:48.357Z,0,206,11,151976,315.648000002,0.537999868
1348,2024-10-16T08:41:48.390Z,0,3574,383,151977,315.681000233,0.033000231
1349,2024-10-16T08:41:49.460Z,1,2040,149,151978,316.751000166,1.069999933
1350,2024-10-16T08:41:49.773Z,0,584,45,151979,317.064000130,0.312999964
1351,2024-10-16T08:41:49.854Z,1,1097,155,151980,317.145000219,0.081000090
1352,2024-10-16T08:41:50.356Z,1,5578,108,151981,317.647000074,0.501999855
1353,2024-10-16T08:41:50.713Z,1,1767,154,151982,318.003999949,0.356999874
1354,2024-10-16T08:41:50.763Z,0,127,181,151983,318.054000139,0.050000191
1355,2024-10-16T08:41:50.963Z,1,1624,224,151984,318.254000187,0.200000048
1356,2024-10-16T08:41:50.964Z,1,580,133,151985,318.255000114,0.000999928
1357,2024-10-16T08:41:51.211Z,1,529,172,151986,318.502000093,0.246999979
1358,2024-10-16T08:41:51.276Z,1,906,85,151987,318.567000151,0.065000057
1359,2024-10-16T08:41:51.332Z,0,4252,17,151988,318.623000145,0.055999994
1360,2024-10-16T08:41:52.276Z,9,5074,10,151989,319.567000151,0.944000006
1361,2024-10-16T08:41:52.385Z,0,814,122,151990,319.676000118,0.108999968
1362,2024-10-16T08:41:52.709Z,1,621,261,151991,320.000000000,0.323999882
1363,2024-10-16T08:41:52.774Z,1,714,54,151992,320.065000296,0.065000296
1364,2024-10-16T08:41:53.275Z,1,345,26,151993,320.566000223,0.500999928
1365,2024-10-16T08:41:53.482Z,1,938,8,151994,320.773000002,0.206999779
1366,2024-10-16T08:41:54.460Z,4,2457,125,151995,321.751000166,0.978000164
1367,2024-10-16T08:41:55.526Z,0,415,543,151996,322.817000151,1.065999985
1368,2024-10-16T08:41:56.507Z,0,4677,26,151997,323.798000097,0.980999947
1369,2024-10-16T08:41:56.603Z,1,2066,13,151998,323.894000292,0.096000195
1370,2024-10-16T08:41:57.023Z,1,264,56,151999,324.314000130,0.419999838
1371,2024-10-16T08:41:57.115Z,1,446,289,152000,324.406000137,0.092000008
1372,2024-10-16T08:41:57.523Z,1,683,75,152001,324.814000130,0.407999992
1373,2024-10-16T08:41:57.776Z,1,1205,225,152002,325.067000151,0.253000021
1374,2024-10-16T08:41:58.508Z,0,3928,178,152003,325.799000025,0.731999874
1375,2024-10-16T08:41:59.366Z,9,4754,400,152004,326.657000303,0.858000278
1376,2024-10-16T08:42:00.271Z,1,1048,352,152005,327.562000275,0.904999971
1377,2024-10-16T08:42:00.776Z,400,29134,298,152006,328.067000151,0.504999876
1378,2024-10-16T08:42:01.312Z,0,1374,1728,152007,328.603000164,0.536000013
1379,2024-10-16T08:42:01.606Z,1,3047,236,152008,328.897000313,0.294000149
1380,2024-10-16T08:42:01.716Z,1,661,207,152009,329.007000208,0.109999895
1381,2024-10-16T08:42:02.240Z,0,217,1,152010,329.531000137,0.523999929
1382,2024-10-16T08:42:02.519Z,1,1433,1,152011,329.810000181,0.279000044
1383,2024-10-16T08:42:03.018Z,9,6423,10,152012,330.309000015,0.498999834
1384,2024-10-16T08:42:03.537Z,0,3589,211,152013,330.828000069,0.519000053
1385,2024-10-16T08:42:04.518Z,1,683,54,152014,331.809000254,0.981000185
1386,2024-10-16T08:42:04.601Z,1,1025,137,152015,331.891999960,0.082999706
1387,2024-10-16T08:42:04.609Z,0,496,31,152016,331.900000095,0.008000135
1388,2024-10-16T08:42:04.609Z,0,425,8,152017,331.900000095,0.000000000
1389,2024-10-16T08:42:05.019Z,1,1169,80,152018,332.310000181,0.410000086
1390,2024-10-16T08:42:06.513Z,0,1330,78,152019,333.804000139,1.493999958
1391,2024-10-16T08:42:06.761Z,0,1000,67,152020,334.052000046,0.247999907
1392,2024-10-16T08:42:06.862Z,1,1955,154,152021,334.153000355,0.101000309
1393,2024-10-16T08:42:07.137Z,0,603,1,152022,334.427999973,0.274999619
1394,2024-10-16T08:42:07.209Z,1,3545,485,152023,334.500000000,0.072000027
1395,2024-10-16T08:42:07.519Z,1,858,34,152024,334.810000181,0.310000181
1396,2024-10-16T08:42:07.519Z,1,2669,161,152025,334.810000181,0.000000000
1397,2024-10-16T08:42:07.609Z,0,1221,172,152026,334.900000095,0.089999914
1398,2024-10-16T08:42:07.609Z,1,1518,404,152027,334.900000095,0.000000000
1399,2024-10-16T08:42:08.232Z,0,817,2,152028,335.523000240,0.623000145
1400,2024-10-16T08:42:08.769Z,1,1339,26,152029,336.060000181,0.536999941
1401,2024-10-16T08:42:08.838Z,0,5928,22,152030,336.129000187,0.069000006
1402,2024-10-16T08:42:08.860Z,1,1465,1,152031,336.151000023,0.021999836
1403,2024-10-16T08:42:09.273Z,4,2595,6,152032,336.564000130,0.413000107
1404,2024-10-16T08:42:09.566Z,0,1480,13,152033,336.857000351,0.293000221
1405,2024-10-16T08:42:10.600Z,9,5058,10,152034,337.891000032,1.033999681
1406,2024-10-16T08:42:10.760Z,1,3050,37,152035,338.051000118,0.160000086
1407,2024-10-16T08:42:10.760Z,4,5566,10,152036,338.051000118,0.000000000
1408,2024-10-16T08:42:10.859Z,1,1402,26,152037,338.150000095,0.098999977
1409,2024-10-16T08:42:11.769Z,0,831,154,152038,339.060000181,0.910000086
1410,2024-10-16T08:42:11.963Z,1,1601,96,152039,339.254000187,0.194000006
1411,2024-10-16T08:42:11.984Z,0,286,570,152040,339.275000095,0.020999908
1412,2024-10-16T08:42:12.101Z,1,913,151,152041,339.391999960,0.116999865
1413,2024-10-16T08:42:12.682Z,0,2133,315,152042,339.973000050,0.581000090
1414,2024-10-16T08:42:12.859Z,1,686,58,152043,340.150000095,0.177000046
1415,2024-10-16T08:42:13.042Z,0,645,222,152044,340.332999945,0.182999849
1416,2024-10-16T08:42:13.357Z,0,1790,897,152045,340.648000002,0.315000057
1417,2024-10-16T08:42:13.357Z,1,1781,36,152046,340.648000002,0.000000000
1418,2024-10-16T08:42:13.527Z,0,817,21,152047,340.818000078,0.170000076
1419,2024-10-16T08:42:13.772Z,1,901,241,152048,341.063000202,0.245000124
1420,2024-10-16T08:42:13.773Z,1,1168,92,152049,341.064000130,0.000999928
1421,2024-10-16T08:42:14.165Z,0,3486,191,152050,341.456000090,0.391999960
1422,2024-10-16T08:42:14.211Z,9,6387,10,152051,341.502000093,0.046000004
1423,2024-10-16T08:42:14.357Z,1,1175,26,152052,341.648000002,0.145999908
1424,2024-10-16T08:42:15.018Z,1,499,1,152053,342.309000015,0.661000013
1425,2024-10-16T08:42:17.100Z,1,1409,77,152054,344.391000032,2.082000017
1426,2024-10-16T08:42:17.264Z,1,380,76,152055,344.555000067,0.164000034
1427,2024-10-16T08:42:17.273Z,1,3212,320,152056,344.564000130,0.009000063
1428,2024-10-16T08:42:17.520Z,1,1136,133,152057,344.811000109,0.246999979
1429,2024-10-16T08:42:17.758Z,0,292,1,152058,345.049000263,0.238000154
1430,2024-10-16T08:42:18.710Z,1,1791,159,152059,346.001000166,0.951999903
1431,2024-10-16T08:42:19.272Z,1,1746,297,152060,346.563000202,0.562000036
1432,2024-10-16T08:42:19.961Z,1,3611,327,152061,347.252000093,0.688999891
1433,2024-10-16T08:42:20.322Z,0,2704,325,152062,347.612999916,0.360999823
1434,2024-10-16T08:42:21.320Z,0,267,345,152063,348.611000061,0.998000145
1435,2024-10-16T08:42:21.519Z,1,1289,163,152064,348.810000181,0.199000120
1436,2024-10-16T08:42:22.106Z,1,943,278,152065,349.397000074,0.586999893
1437,2024-10-16T08:42:22.214Z,0,498,1,152066,349.505000353,0.108000278
1438,2024-10-16T08:42:22.360Z,0,383,112,152067,349.651000023,0.145999670
1439,2024-10-16T08:42:22.516Z,0,5368,222,152068,349.807000160,0.156000137
1440,2024-10-16T08:42:22.519Z,1,450,195,152069,349.810000181,0.003000021
1441,2024-10-16T08:42:22.769Z,1,1512,407,152070,350.060000181,0.250000000
1442,2024-10-16T08:42:22.777Z,0,5530,47,152071,350.068000078,0.007999897
1443,2024-10-16T08:42:23.014Z,9,3851,122,152072,350.305000305,0.237000227
1444,2024-10-16T08:42:23.349Z,0,303,49,152073,350.640000105,0.334999800
1445,2024-10-16T08:42:23.518Z,1,1681,105,152074,350.809000254,0.169000149
1446,2024-10-16T08:42:24.862Z,1,1173,75,152075,352.153000355,1.344000101
1447,2024-10-16T08:42:25.109Z,9,6299,10,152076,352.400000095,0.246999741
1448,2024-10-16T08:42:25.367Z,0,1962,820,152077,352.658000231,0.258000135
1449,2024-10-16T08:42:25.519Z,1,1996,108,152078,352.810000181,0.151999950
1450,2024-10-16T08:42:26.114Z,0,35527,1358,152079,353.404999971,0.594999790
1451,2024-10-16T08:42:26.261Z,9,6844,10,152080,353.552000046,0.147000074
1452,2024-10-16T08:42:26.769Z,0,933,5,152081,354.060000181,0.508000135
1453,2024-10-16T08:42:27.525Z,0,1073,133,152082,354.815999985,0.755999804
1454,2024-10-16T08:42:27.761Z,1,1170,210,152083,355.052000046,0.236000061
1455,2024-10-16T08:42:28.769Z,9,6691,10,152084,356.060000181,1.008000135
1456,2024-10-16T08:42:29.712Z,0,1886,229,152085,357.003000021,0.942999840
1457,2024-10-16T08:42:30.010Z,1,1005,326,152086,357.301000118,0.298000097
1458,2024-10-16T08:42:30.261Z,1,255,57,152087,357.552000046,0.250999928
1459,2024-10-16T08:42:31.019Z,1,1364,134,152088,358.310000181,0.758000135
1460,2024-10-16T08:42:31.518Z,1,493,217,152089,358.809000254,0.499000072
1461,2024-10-16T08:42:31.768Z,1,2789,380,152090,359.059000015,0.249999762
1462,2024-10-16T08:42:31.962Z,1,1276,22,152091,359.253000021,0.194000006
1463,2024-10-16T08:42:32.519Z,1,2140,141,152092,359.810000181,0.557000160
1464,2024-10-16T08:42:32.770Z,0,812,120,152093,360.061000109,0.250999928
1465,2024-10-16T08:42:32.871Z,0,5857,524,152094,360.162000179,0.101000071
1466,2024-10-16T08:42:33.271Z,1,344,44,152095,360.562000275,0.400000095
1467,2024-10-16T08:42:34.018Z,1,1169,74,152096,361.309000015,0.746999741
1468,2024-10-16T08:42:34.270Z,1,344,311,152097,361.561000347,0.252000332
1469,2024-10-16T08:42:34.572Z,0,340,22,152098,361.863000154,0.301999807
1470,2024-10-16T08:42:35.069Z,0,344,58,152099,362.360000134,0.496999979
1471,2024-10-16T08:42:36.335Z,0,826,38,152100,363.626000166,1.266000032
1472,2024-10-16T08:42:36.463Z,4,3171,110,152101,363.754000187,0.128000021
1473,2024-10-16T08:42:37.018Z,1,1967,142,152102,364.309000015,0.554999828
1474,2024-10-16T08:42:37.103Z,1,895,28,152103,364.394000292,0.085000277
1475,2024-10-16T08:42:37.354Z,1,912,28,152104,364.644999981,0.250999689
1476,2024-10-16T08:42:37.354Z,1,2809,41,152105,364.644999981,0.000000000
1477,2024-10-16T08:42:37.712Z,1,1332,154,152106,365.003000021,0.358000040
1478,2024-10-16T08:42:38.113Z,0,4424,228,152107,365.404000044,0.401000023
1479,2024-10-16T08:42:38.518Z,1,1925,177,152108,365.809000254,0.405000210
1480,2024-10-16T08:42:38.856Z,1,691,64,152109,366.147000074,0.337999821
1481,2024-10-16T08:42:39.213Z,9,3845,109,152110,366.503999949,0.356999874
1482,2024-10-16T08:42:39.355Z,1,325,59,152111,366.646000147,0.142000198
1483,2024-10-16T08:42:39.514Z,1,3464,318,152112,366.805000067,0.158999920
1484,2024-10-16T08:42:39.519Z,0,1430,288,152113,366.810000181,0.005000114
1485,2024-10-16T08:42:39.962Z,0,3682,467,152114,367.253000021,0.442999840
1486,2024-10-16T08:42:41.772Z,0,1385,109,152115,369.063000202,1.810000181
1487,2024-10-16T08:42:42.335Z,0,366,38,152116,369.626000166,0.562999964
1488,2024-10-16T08:42:42.335Z,0,3930,182,152117,369.626000166,0.000000000
1489,2024-10-16T08:42:42.512Z,0,275,83,152118,369.803000212,0.177000046
1490,2024-10-16T08:42:46.785Z,0,391,605,152119,374.075999975,4.272999763
1491,2024-10-16T08:42:47.039Z,9,5330,10,152120,374.330000162,0.254000187
1492,2024-10-16T08:42:47.272Z,0,159,16,152121,374.563000202,0.233000040
1493,2024-10-16T08:42:48.207Z,1,439,212,152122,375.498000145,0.934999943
1494,2024-10-16T08:42:50.581Z,0,613,515,152123,377.871999979,2.373999834
1495,2024-10-16T08:42:50.871Z,0,86,3,152124,378.162000179,0.290000200
1496,2024-10-16T08:42:50.963Z,1,1072,177,152125,378.254000187,0.092000008
1497,2024-10-16T08:42:51.466Z,0,2480,219,152126,378.756999969,0.502999783
1498,2024-10-16T08:42:51.476Z,0,988,110,152127,378.767000198,0.010000229
1499,2024-10-16T08:42:51.536Z,1,1017,98,152128,378.827000141,0.059999943
1500,2024-10-16T08:42:52.214Z,0,1349,65,152129,379.505000353,0.678000212
1501,2024-10-16T08:42:52.725Z,0,498,13,152130,380.016000032,0.510999680
1502,2024-10-16T08:42:53.125Z,0,2786,366,152131,380.416000128,0.400000095
1503,2024-10-16T08:42:53.269Z,0,1027,113,152132,380.560000181,0.144000053
1504,2024-10-16T08:42:54.285Z,1,1486,100,152133,381.575999975,1.015999794
1505,2024-10-16T08:42:54.536Z,1,401,111,152134,381.827000141,0.251000166
1506,2024-10-16T08:42:55.091Z,0,1627,182,152135,382.382000208,0.555000067
1507,2024-10-16T08:42:56.786Z,0,1490,743,152136,384.076999903,1.694999695
1508,2024-10-16T08:42:57.019Z,0,372,79,152137,384.310000181,0.233000278
1509,2024-10-16T08:42:57.737Z,0,3645,245,152138,385.028000116,0.717999935
1510,2024-10-16T08:42:57.760Z,0,813,121,152139,385.051000118,0.023000002
1511,2024-10-16T08:42:58.115Z,0,2591,277,152140,385.406000137,0.355000019
1512,2024-10-16T08:42:59.103Z,0,490,63,152141,386.394000292,0.988000154
1513,2024-10-16T08:42:59.461Z,1,1465,1,152142,386.752000093,0.357999802
1514,2024-10-16T08:43:00.081Z,0,485,80,152143,387.371999979,0.619999886
1515,2024-10-16T08:43:01.103Z,0,3075,466,152144,388.394000292,1.022000313
1516,2024-10-16T08:43:01.118Z,0,308,27,152145,388.409000158,0.014999866
1517,2024-10-16T08:43:01.712Z,1,2345,41,152146,389.003000021,0.593999863
1518,2024-10-16T08:43:02.288Z,1,3212,460,152147,389.579000235,0.576000214
1519,2024-10-16T08:43:02.582Z,0,3702,488,152148,389.873000145,0.293999910
1520,2024-10-16T08:43:02.815Z,0,286,440,152149,390.106000185,0.233000040
1521,2024-10-16T08:43:02.849Z,0,736,20,152150,390.140000105,0.033999920
1522,2024-10-16T08:43:03.116Z,0,770,1,152151,390.407000065,0.266999960
1523,2024-10-16T08:43:03.117Z,0,3033,623,152152,390.407999992,0.000999928
1524,2024-10-16T08:43:04.457Z,1,2181,108,152153,391.748000145,1.340000153
1525,2024-10-16T08:43:05.342Z,0,954,21,152154,392.633000374,0.885000229
1526,2024-10-16T08:43:05.726Z,0,402,9,152155,393.017000198,0.383999825
1527,2024-10-16T08:43:06.209Z,1,873,158,152156,393.500000000,0.482999802
1528,2024-10-16T08:43:06.584Z,0,167,3,152157,393.875000238,0.375000238
1529,2024-10-16T08:43:06.957Z,0,268,302,152158,394.248000145,0.372999907
1530,2024-10-16T08:43:08.103Z,0,3699,174,152159,395.394000292,1.146000147
1531,2024-10-16T08:43:08.541Z,1,264,34,152160,395.832000017,0.437999725
1532,2024-10-16T08:43:08.707Z,1,1300,234,152161,395.998000145,0.166000128
1533,2024-10-16T08:43:09.544Z,0,2603,620,152162,396.835000038,0.836999893
1534,2024-10-16T08:43:11.268Z,0,2725,520,152163,398.559000015,1.723999977
1535,2024-10-16T08:43:11.294Z,1,688,64,152164,398.585000277,0.026000261
1536,2024-10-16T08:43:11.769Z,0,2668,564,152165,399.060000181,0.474999905
1537,2024-10-16T08:43:12.541Z,1,964,121,152166,399.832000017,0.771999836
1538,2024-10-16T08:43:12.965Z,0,5671,7,152167,400.256000042,0.424000025
1539,2024-10-16T08:43:15.582Z,0,900,54,152168,402.873000145,2.617000103
1540,2024-10-16T08:43:15.707Z,324,27859,482,152169,402.998000145,0.125000000
1541,2024-10-16T08:43:16.209Z,0,3668,367,152170,403.500000000,0.501999855
1542,2024-10-16T08:43:19.330Z,0,726,100,152171,406.621000051,3.121000051
1543,2024-10-16T08:43:19.734Z,0,4386,32,152172,407.025000334,0.404000282
1544,2024-10-16T08:43:22.330Z,9,5554,10,152173,409.621000051,2.595999718
1545,2024-10-16T08:43:23.011Z,0,561,10,152174,410.302000284,0.681000233
1546,2024-10-16T08:43:23.570Z,0,1631,244,152175,410.861000061,0.558999777
1547,2024-10-16T08:43:26.762Z,0,9447,15,152176,414.052999973,3.191999912
1548,2024-10-16T08:43:28.458Z,0,998,53,152177,415.749000072,1.696000099
1549,2024-10-16T08:43:28.500Z,1,1810,29,152178,415.791000128,0.042000055
1550,2024-10-16T08:43:29.333Z,1,2246,160,152179,416.624000072,0.832999945
1551,2024-10-16T08:43:29.468Z,0,3687,787,152180,416.759000063,0.134999990
1552,2024-10-16T08:43:31.562Z,0,3667,413,152181,418.852999926,2.093999863
1553,2024-10-16T08:43:31.833Z,1,1173,71,152182,419.124000072,0.271000147
1554,2024-10-16T08:43:32.029Z,0,11002,15,152183,419.320000172,0.196000099
1555,2024-10-16T08:43:32.087Z,1,3472,183,152184,419.378000259,0.058000088
1556,2024-10-16T08:43:32.354Z,0,311,810,152185,419.644999981,0.266999722
1557,2024-10-16T08:43:33.091Z,0,4242,116,152186,420.382000208,0.737000227
1558,2024-10-16T08:43:33.334Z,1,452,286,152187,420.625000238,0.243000031
1559,2024-10-16T08:43:33.835Z,0,579,184,152188,421.126000166,0.500999928
1560,2024-10-16T08:43:33.964Z,1,672,51,152189,421.255000114,0.128999949
1561,2024-10-16T08:43:34.583Z,1,931,26,152190,421.874000311,0.619000196
1562,2024-10-16T08:43:38.088Z,9,5356,10,152191,425.379000187,3.504999876
1563,2024-10-16T08:43:38.264Z,0,3886,1203,152192,425.555000067,0.175999880
1564,2024-10-16T08:43:38.331Z,9,6531,10,152193,425.622000217,0.067000151
1565,2024-10-16T08:43:39.334Z,1,967,286,152194,426.625000238,1.003000021
1566,2024-10-16T08:43:40.087Z,0,1253,26,152195,427.378000259,0.753000021
1567,2024-10-16T08:43:40.219Z,1,2047,30,152196,427.510000229,0.131999969
1568,2024-10-16T08:43:40.965Z,1,2441,62,152197,428.256000042,0.745999813
1569,2024-10-16T08:43:42.209Z,0,833,520,152198,429.500000000,1.243999958
1570,2024-10-16T08:43:43.329Z,0,212,6,152199,430.620000124,1.120000124
1571,2024-10-16T08:43:43.467Z,1,1860,146,152200,430.758000135,0.138000011
1572,2024-10-16T08:43:43.830Z,1,900,198,152201,431.121000290,0.363000154
1573,2024-10-16T08:43:44.082Z,9,4754,407,152202,431.372999907,0.251999617
1574,2024-10-16T08:43:44.108Z,1,1657,106,152203,431.399000168,0.026000261
1575,2024-10-16T08:43:44.471Z,0,685,60,152204,431.762000084,0.362999916
1576,2024-10-16T08:43:44.860Z,1,1993,151,152205,432.151000023,0.388999939
1577,2024-10-16T08:43:46.358Z,1,2397,41,152206,433.649000168,1.498000145
1578,2024-10-16T08:43:46.830Z,1,1085,221,152207,434.121000290,0.472000122
1579,2024-10-16T08:43:47.965Z,1,941,111,152208,435.256000042,1.134999752
1580,2024-10-16T08:43:49.359Z,1,418,157,152209,436.650000095,1.394000053
1581,2024-10-16T08:43:49.579Z,0,867,44,152210,436.870000124,0.220000029
1582,2024-10-16T08:43:49.792Z,0,444,154,152211,437.083000183,0.213000059
1583,2024-10-16T08:43:50.322Z,0,2262,215,152212,437.612999916,0.529999733
1584,2024-10-16T08:43:50.332Z,0,493,47,152213,437.623000145,0.010000229
1585,2024-10-16T08:43:50.583Z,1,1823,398,152214,437.874000311,0.251000166
1586,2024-10-16T08:43:50.856Z,9,3849,252,152215,438.147000074,0.272999763
1587,2024-10-16T08:43:50.967Z,1,1497,89,152216,438.258000135,0.111000061
1588,2024-10-16T08:43:51.103Z,1,1240,3,152217,438.394000292,0.136000156
1589,2024-10-16T08:43:52.350Z,0,807,15,152218,439.641000271,1.246999979
1590,2024-10-16T08:43:52.764Z,0,1031,64,152219,440.055000067,0.413999796
1591,2024-10-16T08:43:53.005Z,0,1249,204,152220,440.296000004,0.240999937
1592,2024-10-16T08:43:53.111Z,0,20020,62,152221,440.402000189,0.106000185
1593,2024-10-16T08:43:54.354Z,1,907,120,152222,441.644999981,1.242999792
1594,2024-10-16T08:43:54.852Z,0,3564,357,152223,442.143000126,0.498000145
1595,2024-10-16T08:43:56.330Z,0,234,268,152224,443.621000051,1.477999926
1596,2024-10-16T08:43:56.833Z,1,3549,173,152225,444.124000072,0.503000021
1597,2024-10-16T08:43:57.355Z,1,1584,89,152226,444.646000147,0.522000074
1598,2024-10-16T08:43:58.357Z,1,1172,82,152227,445.648000002,1.001999855
1599,2024-10-16T08:44:00.085Z,9,5214,645,152228,447.376000166,1.728000164
1600,2024-10-16T08:44:01.216Z,0,3567,237,152229,448.507000208,1.131000042
1601,2024-10-16T08:44:02.333Z,169,19444,328,152230,449.624000072,1.116999865
1602,2024-10-16T08:44:03.510Z,0,107,1,152231,450.801000357,1.177000284
1603,2024-10-16T08:44:03.859Z,1,2461,319,152232,451.150000095,0.348999739
1604,2024-10-16T08:44:04.463Z,0,20,930,152233,451.754000187,0.604000092
1605,2024-10-16T08:44:04.710Z,1,4379,10,152234,452.001000166,0.246999979
1606,2024-10-16T08:44:05.040Z,0,402,994,152235,452.331000090,0.329999924
1607,2024-10-16T08:44:05.463Z,1,2224,183,152236,452.754000187,0.423000097
1608,2024-10-16T08:44:05.565Z,0,1824,110,152237,452.855999947,0.101999760
1609,2024-10-16T08:44:06.023Z,9,6569,10,152238,453.314000130,0.458000183
1610,2024-10-16T08:44:06.464Z,1,2549,31,152239,453.755000114,0.440999985
1611,2024-10-16T08:44:06.767Z,0,496,25,152240,454.058000088,0.302999973
1612,2024-10-16T08:44:06.962Z,0,593,2,152241,454.253000021,0.194999933
1613,2024-10-16T08:44:09.340Z,0,342,100,152242,456.631000042,2.378000021
1614,2024-10-16T08:44:10.772Z,0,241,27,152243,458.063000202,1.432000160
1615,2024-10-16T08:44:11.477Z,9,6514,10,152244,458.768000126,0.704999924
1616,2024-10-16T08:44:11.757Z,1,1747,114,152245,459.048000097,0.279999971
1617,2024-10-16T08:44:12.524Z,1,996,154,152246,459.815000057,0.766999960
1618,2024-10-16T08:44:12.538Z,9,6570,10,152247,459.828999996,0.013999939
1619,2024-10-16T08:44:12.538Z,1,261,61,152248,459.828999996,0.000000000
1620,2024-10-16T08:44:12.711Z,0,3486,191,152249,460.002000093,0.173000097
1621,2024-10-16T08:44:12.918Z,1,468,1,152250,460.209000349,0.207000256
1622,2024-10-16T08:44:13.038Z,1,1907,62,152251,460.329000235,0.119999886
1623,2024-10-16T08:44:13.290Z,0,3041,476,152252,460.581000090,0.251999855
1624,2024-10-16T08:44:13.604Z,0,313,519,152253,460.895000219,0.314000130
1625,2024-10-16T08:44:14.351Z,0,1292,79,152254,461.642000198,0.746999979
1626,2024-10-16T08:44:14.477Z,0,330,57,152255,461.768000126,0.125999928
1627,2024-10-16T08:44:14.511Z,1,1323,174,152256,461.802000284,0.034000158
1628,2024-10-16T08:44:15.023Z,0,582,168,152257,462.314000130,0.511999846
1629,2024-10-16T08:44:15.228Z,1,861,97,152258,462.519000053,0.204999924
1630,2024-10-16T08:44:15.477Z,1,1047,28,152259,462.768000126,0.249000072
1631,2024-10-16T08:44:15.820Z,1089,50044,4096,152260,463.111000061,0.342999935
1632,2024-10-16T08:44:16.081Z,0,172,2,152261,463.371999979,0.260999918
1633,2024-10-16T08:44:16.419Z,9,5025,10,152262,463.710000277,0.338000298
1634,2024-10-16T08:44:16.918Z,0,349,230,152263,464.209000349,0.499000072
1635,2024-10-16T08:44:17.168Z,1,1106,103,152264,464.459000111,0.249999762
1636,2024-10-16T08:44:17.257Z,1,377,37,152265,464.548000097,0.088999987
1637,2024-10-16T08:44:17.417Z,1,691,56,152266,464.707999945,0.159999847
1638,2024-10-16T08:44:17.512Z,0,4190,70,152267,464.803000212,0.095000267
1639,2024-10-16T08:44:17.586Z,0,5166,71,152268,464.877000093,0.073999882
1640,2024-10-16T08:44:17.666Z,1,405,34,152269,464.957000017,0.079999924
1641,2024-10-16T08:44:18.962Z,0,467,410,152270,466.253000021,1.296000004
1642,2024-10-16T08:44:18.982Z,1,1409,43,152271,466.273000240,0.020000219
1643,2024-10-16T08:44:19.342Z,1,386,87,152272,466.633000374,0.360000134
1644,2024-10-16T08:44:19.788Z,1,1319,139,152273,467.079000235,0.445999861
1645,2024-10-16T08:44:19.977Z,9,6601,10,152274,467.268000126,0.188999891
1646,2024-10-16T08:44:20.164Z,1,966,183,152275,467.455000162,0.187000036
1647,2024-10-16T08:44:20.261Z,0,115,13,152276,467.552000046,0.096999884
1648,2024-10-16T08:44:20.591Z,0,571,60,152277,467.882000208,0.330000162
1649,2024-10-16T08:44:20.663Z,1,1765,139,152278,467.954000235,0.072000027
1650,2024-10-16T08:44:20.915Z,1,949,239,152279,468.206000090,0.251999855
1651,2024-10-16T08:44:20.916Z,1,2343,41,152280,468.207000017,0.000999928
1652,2024-10-16T08:44:21.591Z,1,2750,237,152281,468.882000208,0.675000191
1653,2024-10-16T08:44:21.667Z,1,962,261,152282,468.958000183,0.075999975
1654,2024-10-16T08:44:21.667Z,1,1187,1,152283,468.958000183,0.000000000
1655,2024-10-16T08:44:21.714Z,0,809,92,152284,469.005000114,0.046999931
1656,2024-10-16T08:44:21.771Z,1,691,52,152285,469.062000275,0.057000160
1657,2024-10-16T08:44:21.811Z,0,318,668,152286,469.102000237,0.039999962
1658,2024-10-16T08:44:21.861Z,1,2979,85,152287,469.151999950,0.049999714
1659,2024-10-16T08:44:22.009Z,1,243,56,152288,469.299999952,0.148000002
1660,2024-10-16T08:44:22.272Z,1,1169,72,152289,469.563000202,0.263000250
1661,2024-10-16T08:44:22.313Z,1,1461,25,152290,469.604000092,0.040999889
1662,2024-10-16T08:44:22.667Z,1,250,55,152291,469.958000183,0.354000092
1663,2024-10-16T08:44:22.668Z,1,1004,120,152292,469.959000111,0.000999928
1664,2024-10-16T08:44:22.964Z,1,1398,107,152293,470.255000114,0.296000004
1665,2024-10-16T08:44:23.061Z,9,5054,10,152294,470.351999998,0.096999884
1666,2024-10-16T08:44:23.166Z,1,1166,78,152295,470.457000256,0.105000257
1667,2024-10-16T08:44:23.342Z,1,1357,1,152296,470.633000374,0.176000118
1668,2024-10-16T08:44:23.368Z,1,1571,33,152297,470.659000158,0.025999784
1669,2024-10-16T08:44:23.668Z,0,578,169,152298,470.959000111,0.299999952
1670,2024-10-16T08:44:23.769Z,1,810,133,152299,471.060000181,0.101000071
1671,2024-10-16T08:44:24.019Z,1,2573,249,152300,471.310000181,0.250000000
1672,2024-10-16T08:44:24.019Z,1,1667,164,152301,471.310000181,0.000000000
1673,2024-10-16T08:44:24.063Z,1,1600,67,152302,471.354000092,0.043999910
1674,2024-10-16T08:44:24.758Z,1,963,180,152303,472.049000263,0.695000172
1675,2024-10-16T08:44:24.868Z,1,1169,78,152304,472.159000158,0.109999895
1676,2024-10-16T08:44:25.062Z,1,502,107,152305,472.353000164,0.194000006
1677,2024-10-16T08:44:25.082Z,1,738,3,152306,472.372999907,0.019999743
1678,2024-10-16T08:44:25.082Z,1,500,60,152307,472.372999907,0.000000000
1679,2024-10-16T08:44:25.082Z,1,1240,7,152308,472.372999907,0.000000000
1680,2024-10-16T08:44:25.092Z,1,471,129,152309,472.383000135,0.010000229
1681,2024-10-16T08:44:25.289Z,9,5245,10,152310,472.580000162,0.197000027
1682,2024-10-16T08:44:25.539Z,1,9124,31,152311,472.830000162,0.250000000
1683,2024-10-16T08:44:25.561Z,1,2638,42,152312,472.851999998,0.021999836
1684,2024-10-16T08:44:25.581Z,1,1513,101,152313,472.871999979,0.019999981
1685,2024-10-16T08:44:26.227Z,1,2058,89,152314,473.518000126,0.646000147
1686,2024-10-16T08:44:26.258Z,1,3054,369,152315,473.549000025,0.030999899
1687,2024-10-16T08:44:26.541Z,1,500,55,152316,473.832000017,0.282999992
1688,2024-10-16T08:44:26.714Z,1,841,134,152317,474.005000114,0.173000097
1689,2024-10-16T08:44:26.775Z,0,210,1,152318,474.066000223,0.061000109
1690,2024-10-16T08:44:26.829Z,1,500,71,152319,474.120000124,0.053999901
1691,2024-10-16T08:44:27.062Z,1,255,58,152320,474.353000164,0.233000040
1692,2024-10-16T08:44:27.290Z,1,3602,228,152321,474.581000090,0.227999926
1693,2024-10-16T08:44:27.540Z,9,5882,10,152322,474.831000090,0.250000000
1694,2024-10-16T08:44:27.579Z,9,3681,107,152323,474.870000124,0.039000034
1695,2024-10-16T08:44:27.665Z,9,6512,10,152324,474.956000090,0.085999966
1696,2024-10-16T08:44:27.831Z,1,2853,117,152325,475.122000217,0.166000128
1697,2024-10-16T08:44:27.858Z,0,1372,70,152326,475.148999929,0.026999712
1698,2024-10-16T08:44:28.039Z,1,2022,126,152327,475.330000162,0.181000233
1699,2024-10-16T08:44:28.215Z,1,2066,12,152328,475.506000280,0.176000118
1700,2024-10-16T08:44:28.331Z,1,1542,122,152329,475.622000217,0.115999937
1701,2024-10-16T08:44:28.538Z,9,3849,127,152330,475.828999996,0.206999779
1702,2024-10-16T08:44:28.831Z,1,1046,26,152331,476.122000217,0.293000221
1703,2024-10-16T08:44:29.041Z,1,466,158,152332,476.332000017,0.209999800
1704,2024-10-16T08:44:29.067Z,1,1135,28,152333,476.358000278,0.026000261
1705,2024-10-16T08:44:29.082Z,1,1121,28,152334,476.372999907,0.014999628
1706,2024-10-16T08:44:29.271Z,1,1133,66,152335,476.562000275,0.189000368
1707,2024-10-16T08:44:29.518Z,1,344,30,152336,476.809000254,0.246999979
1708,2024-10-16T08:44:29.621Z,1,1664,125,152337,476.912000179,0.102999926
1709,2024-10-16T08:44:29.663Z,1,360,70,152338,476.954000235,0.042000055
1710,2024-10-16T08:44:29.761Z,9,4682,10,152339,477.052000046,0.097999811
1711,2024-10-16T08:44:30.093Z,9,3848,126,152340,477.384000063,0.332000017
1712,2024-10-16T08:44:30.094Z,1,1431,139,152341,477.385000229,0.001000166
1713,2024-10-16T08:44:30.162Z,1,1172,83,152342,477.453000069,0.067999840
1714,2024-10-16T08:44:30.259Z,1,468,1,152343,477.550000191,0.097000122
1715,2024-10-16T08:44:30.273Z,1,984,26,152344,477.564000130,0.013999939
1716,2024-10-16T08:44:30.314Z,1,2579,206,152345,477.605000019,0.040999889
1717,2024-10-16T08:44:30.414Z,0,357,47,152346,477.705000162,0.100000143
1718,2024-10-16T08:44:30.542Z,1,966,252,152347,477.833000183,0.128000021
1719,2024-10-16T08:44:30.791Z,1,429,108,152348,478.082000256,0.249000072
1720,2024-10-16T08:44:30.834Z,1,716,16,152349,478.125000000,0.042999744
1721,2024-10-16T08:44:30.886Z,0,324,152,152350,478.177000284,0.052000284
1722,2024-10-16T08:44:31.066Z,1,935,28,152351,478.357000113,0.179999828
1723,2024-10-16T08:44:31.086Z,1,1096,26,152352,478.377000332,0.020000219
1724,2024-10-16T08:44:31.228Z,9,6576,10,152353,478.519000053,0.141999722
1725,2024-10-16T08:44:31.328Z,1,1780,8,152354,478.619000196,0.100000143
1726,2024-10-16T08:44:31.522Z,1,1523,252,152355,478.812999964,0.193999767
1727,2024-10-16T08:44:31.566Z,1,1173,86,152356,478.857000351,0.044000387
1728,2024-10-16T08:44:31.584Z,1,985,26,152357,478.875000238,0.017999887
1729,2024-10-16T08:44:31.603Z,0,1231,9,152358,478.894000292,0.019000053
1730,2024-10-16T08:44:31.614Z,1,359,87,152359,478.905000210,0.010999918
1731,2024-10-16T08:44:31.614Z,1,373,112,152360,478.905000210,0.000000000
1732,2024-10-16T08:44:31.715Z,1,1165,26,152361,479.006000280,0.101000071
1733,2024-10-16T08:44:31.715Z,36,12299,10,152362,479.006000280,0.000000000
1734,2024-10-16T08:44:31.825Z,1,1409,46,152363,479.116000175,0.109999895
1735,2024-10-16T08:44:31.842Z,9,5088,10,152364,479.132999897,0.016999722
1736,2024-10-16T08:44:32.041Z,1,2854,211,152365,479.332000017,0.199000120
1737,2024-10-16T08:44:32.074Z,1,1842,96,152366,479.365000010,0.032999992
1738,2024-10-16T08:44:32.133Z,1,2454,383,152367,479.424000025,0.059000015
1739,2024-10-16T08:44:32.311Z,1,345,32,152368,479.602000237,0.178000212
1740,2024-10-16T08:44:32.583Z,1,1031,26,152369,479.874000311,0.272000074
1741,2024-10-16T08:44:33.025Z,1,1309,28,152370,480.315999985,0.441999674
1742,2024-10-16T08:44:33.163Z,1,472,198,152371,480.454000235,0.138000250
1743,2024-10-16T08:44:33.229Z,1,1922,122,152372,480.519999981,0.065999746
1744,2024-10-16T08:44:33.339Z,1,938,232,152373,480.630000114,0.110000134
1745,2024-10-16T08:44:33.561Z,1,895,26,152374,480.851999998,0.221999884
1746,2024-10-16T08:44:33.574Z,1,4227,162,152375,480.865000248,0.013000250
1747,2024-10-16T08:44:33.574Z,9,6509,10,152376,480.865000248,0.000000000
1748,2024-10-16T08:44:33.589Z,1,257,34,152377,480.880000114,0.014999866
1749,2024-10-16T08:44:33.811Z,1,1992,119,152378,481.102000237,0.222000122
1750,2024-10-16T08:44:33.918Z,0,5465,27,152379,481.209000349,0.107000113
1751,2024-10-16T08:44:34.260Z,4,2134,353,152380,481.551000118,0.341999769
1752,2024-10-16T08:44:34.662Z,1,856,42,152381,481.953000307,0.402000189
1753,2024-10-16T08:44:34.761Z,0,375,86,152382,482.052000046,0.098999739
1754,2024-10-16T08:44:34.789Z,1,1170,85,152383,482.080000162,0.028000116
1755,2024-10-16T08:44:34.789Z,9,6347,10,152384,482.080000162,0.000000000
1756,2024-10-16T08:44:34.862Z,1,2224,139,152385,482.153000355,0.073000193
1757,2024-10-16T08:44:34.914Z,1,987,28,152386,482.204999924,0.051999569
1758,2024-10-16T08:44:35.066Z,1,1639,107,152387,482.357000113,0.152000189
1759,2024-10-16T08:44:35.211Z,1,1182,93,152388,482.502000093,0.144999981
1760,2024-10-16T08:44:35.617Z,1,1107,26,152389,482.907999992,0.405999899
1761,2024-10-16T08:44:35.866Z,1,1181,26,152390,483.157000065,0.249000072
1762,2024-10-16T08:44:36.037Z,1,807,46,152391,483.328000069,0.171000004
1763,2024-10-16T08:44:36.313Z,1,3559,335,152392,483.604000092,0.276000023
1764,2024-10-16T08:44:36.663Z,1,3911,247,152393,483.954000235,0.350000143
1765,2024-10-16T08:44:36.664Z,1,1205,412,152394,483.955000162,0.000999928
1766,2024-10-16T08:44:36.831Z,0,658,8,152395,484.122000217,0.167000055
1767,2024-10-16T08:44:36.831Z,1,819,116,152396,484.122000217,0.000000000
1768,2024-10-16T08:44:36.864Z,0,3990,254,152397,484.155000210,0.032999992
1769,2024-10-16T08:44:37.040Z,1,529,147,152398,484.331000090,0.175999880
1770,2024-10-16T08:44:37.069Z,1,253,38,152399,484.360000134,0.029000044
1771,2024-10-16T08:44:37.664Z,1,625,303,152400,484.955000162,0.595000029
1772,2024-10-16T08:44:37.829Z,1,1008,85,152401,485.120000124,0.164999962
1773,2024-10-16T08:44:38.538Z,9,4754,290,152402,485.828999996,0.708999872
1774,2024-10-16T08:44:39.568Z,1,1270,32,152403,486.859000206,1.030000210
1775,2024-10-16T08:44:39.814Z,1,1133,42,152404,487.105000257,0.246000051
1776,2024-10-16T08:44:39.840Z,1,1163,146,152405,487.131000042,0.025999784
1777,2024-10-16T08:44:39.915Z,1,345,36,152406,487.206000090,0.075000048
1778,2024-10-16T08:44:40.315Z,9,6368,10,152407,487.606000185,0.400000095
1779,2024-10-16T08:44:40.315Z,1,1380,220,152408,487.606000185,0.000000000
1780,2024-10-16T08:44:40.368Z,1,807,49,152409,487.659000158,0.052999973
1781,2024-10-16T08:44:40.464Z,1,2045,112,152410,487.755000114,0.095999956
1782,2024-10-16T08:44:40.580Z,1,960,258,152411,487.871000051,0.115999937
1783,2024-10-16T08:44:40.620Z,1,931,229,152412,487.911000013,0.039999962
1784,2024-10-16T08:44:41.018Z,1,1959,130,152413,488.309000015,0.398000002
1785,2024-10-16T08:44:41.069Z,1,1621,143,152414,488.360000134,0.051000118
1786,2024-10-16T08:44:41.162Z,1,2419,39,152415,488.453000069,0.092999935
1787,2024-10-16T08:44:41.271Z,0,5409,1,152416,488.562000275,0.109000206
1788,2024-10-16T08:44:41.416Z,1,721,54,152417,488.707000017,0.144999743
1789,2024-10-16T08:44:41.870Z,1,2698,429,152418,489.161000252,0.454000235
1790,2024-10-16T08:44:42.093Z,1,496,249,152419,489.384000063,0.222999811
1791,2024-10-16T08:44:42.330Z,1,1404,157,152420,489.621000051,0.236999989
1792,2024-10-16T08:44:42.465Z,1,440,144,152421,489.756000042,0.134999990
1793,2024-10-16T08:44:42.566Z,1,875,169,152422,489.857000351,0.101000309
1794,2024-10-16T08:44:43.111Z,1,1409,23,152423,490.402000189,0.544999838
1795,2024-10-16T08:44:43.566Z,1,2047,96,152424,490.857000351,0.455000162
1796,2024-10-16T08:44:44.163Z,1,443,157,152425,491.454000235,0.596999884
1797,2024-10-16T08:44:44.570Z,1,1750,26,152426,491.861000061,0.406999826
1798,2024-10-16T08:44:44.816Z,1,929,123,152427,492.107000113,0.246000051
1799,2024-10-16T08:44:45.163Z,1,1057,185,152428,492.454000235,0.347000122
1800,2024-10-16T08:44:45.330Z,1,1010,84,152429,492.621000051,0.166999817
1801,2024-10-16T08:44:45.610Z,1,1299,458,152430,492.901000023,0.279999971
1802,2024-10-16T08:44:45.820Z,1,2595,41,152431,493.111000061,0.210000038
1803,2024-10-16T08:44:46.322Z,1,251,53,152432,493.612999916,0.501999855
1804,2024-10-16T08:44:46.816Z,1,1414,29,152433,494.107000113,0.494000196
1805,2024-10-16T08:44:46.830Z,1,716,21,152434,494.121000290,0.014000177
1806,2024-10-16T08:44:48.083Z,0,177,6,152435,495.374000311,1.253000021
1807,2024-10-16T08:44:48.163Z,1,2855,245,152436,495.454000235,0.079999924
1808,2024-10-16T08:44:48.315Z,1,1241,1,152437,495.606000185,0.151999950
1809,2024-10-16T08:44:48.338Z,1,1170,66,152438,495.628999949,0.022999763
1810,2024-10-16T08:44:48.414Z,1,2750,246,152439,495.705000162,0.076000214
1811,2024-10-16T08:44:48.588Z,1,1846,154,152440,495.879000187,0.174000025
1812,2024-10-16T08:44:48.870Z,1,1836,104,152441,496.161000252,0.282000065
1813,2024-10-16T08:44:48.962Z,0,186,1,152442,496.253000021,0.091999769
1814,2024-10-16T08:44:49.123Z,1,1058,241,152443,496.414000273,0.161000252
1815,2024-10-16T08:44:49.511Z,0,3859,176,152444,496.802000284,0.388000011
1816,2024-10-16T08:44:49.830Z,1,1468,19,152445,497.121000290,0.319000006
1817,2024-10-16T08:44:50.082Z,1,465,199,152446,497.372999907,0.251999617
1818,2024-10-16T08:44:50.124Z,9,4798,210,152447,497.415000200,0.042000294
1819,2024-10-16T08:44:50.339Z,1,1846,135,152448,497.630000114,0.214999914
1820,2024-10-16T08:44:50.560Z,9,6553,10,152449,497.851000071,0.220999956
1821,2024-10-16T08:44:51.085Z,1,1721,92,152450,498.376000166,0.525000095
1822,2024-10-16T08:44:51.120Z,1,1165,81,152451,498.411000013,0.034999847
1823,2024-10-16T08:44:51.320Z,9,5674,10,152452,498.611000061,0.200000048
1824,2024-10-16T08:44:51.668Z,1,1810,387,152453,498.959000111,0.348000050
1825,2024-10-16T08:44:52.331Z,1,1631,151,152454,499.622000217,0.663000107
1826,2024-10-16T08:44:52.832Z,1,5410,139,152455,500.123000145,0.500999928
1827,2024-10-16T08:44:53.290Z,0,1609,382,152456,500.581000090,0.457999945
1828,2024-10-16T08:44:53.914Z,1,1099,421,152457,501.204999924,0.623999834
1829,2024-10-16T08:44:54.212Z,0,3486,223,152458,501.503000021,0.298000097
1830,2024-10-16T08:44:54.373Z,0,3486,202,152459,501.664000034,0.161000013
1831,2024-10-16T08:44:54.564Z,1,2150,158,152460,501.855000019,0.190999985
1832,2024-10-16T08:44:55.115Z,0,408,1,152461,502.406000137,0.551000118
1833,2024-10-16T08:44:55.585Z,4,2479,209,152462,502.876000166,0.470000029
1834,2024-10-16T08:44:55.762Z,0,180,24,152463,503.052999973,0.176999807
1835,2024-10-16T08:44:55.779Z,0,778,64,152464,503.070000172,0.017000198
1836,2024-10-16T08:44:56.088Z,1,3174,253,152465,503.379000187,0.309000015
1837,2024-10-16T08:44:56.331Z,1,600,228,152466,503.622000217,0.243000031
1838,2024-10-16T08:44:57.272Z,0,1356,23,152467,504.563000202,0.940999985
1839,2024-10-16T08:44:57.375Z,0,1286,99,152468,504.666000128,0.102999926
1840,2024-10-16T08:44:57.987Z,0,358,114,152469,505.278000116,0.611999989
1841,2024-10-16T08:44:58.290Z,0,1115,146,152470,505.581000090,0.302999973
1842,2024-10-16T08:44:58.374Z,0,1337,259,152471,505.665000200,0.084000111
1843,2024-10-16T08:44:58.529Z,0,711,225,152472,505.820000172,0.154999971
1844,2024-10-16T08:44:59.563Z,1,1863,338,152473,506.854000092,1.033999920
1845,2024-10-16T08:44:59.570Z,1,441,214,152474,506.861000061,0.006999969
1846,2024-10-16T08:45:00.063Z,0,650,127,152475,507.354000092,0.493000031
1847,2024-10-16T08:45:00.268Z,0,349,194,152476,507.559000015,0.204999924
1848,2024-10-16T08:45:03.025Z,0,438,103,152477,510.315999985,2.756999969
1849,2024-10-16T08:45:03.363Z,1,1268,899,152478,510.654000282,0.338000298
1850,2024-10-16T08:45:07.331Z,0,2074,366,152479,514.622000217,3.967999935
1851,2024-10-16T08:45:08.073Z,0,4483,465,152480,515.364000082,0.741999865
1852,2024-10-16T08:45:08.106Z,0,205,1,152481,515.397000074,0.032999992
1853,2024-10-16T08:45:08.837Z,0,776,155,152482,516.128000021,0.730999947
1854,2024-10-16T08:45:09.859Z,0,3531,219,152483,517.150000095,1.022000074
1855,2024-10-16T08:45:10.348Z,0,9597,85,152484,517.639000177,0.489000082
1856,2024-10-16T08:45:10.569Z,0,858,54,152485,517.860000134,0.220999956
1857,2024-10-16T08:45:11.821Z,0,108,22,152486,519.111999989,1.251999855
1858,2024-10-16T08:45:12.262Z,0,5569,27,152487,519.553000212,0.441000223
1859,2024-10-16T08:45:13.712Z,0,927,13,152488,521.003000021,1.449999809
1860,2024-10-16T08:45:16.236Z,0,6596,404,152489,523.527000189,2.524000168
1861,2024-10-16T08:45:16.358Z,0,388,110,152490,523.649000168,0.121999979
1862,2024-10-16T08:45:17.959Z,0,1764,202,152491,525.250000238,1.601000071
1863,2024-10-16T08:45:20.760Z,0,41,1,152492,528.051000118,2.800999880
1864,2024-10-16T08:45:21.510Z,0,1000,13,152493,528.801000357,0.750000238
1865,2024-10-16T08:45:23.523Z,0,2804,17,152494,530.814000130,2.012999773
1866,2024-10-16T08:45:24.734Z,0,14590,1133,152495,532.025000334,1.211000204
1867,2024-10-16T08:45:28.070Z,1,3419,454,152496,535.361000299,3.335999966
1868,2024-10-16T08:45:28.566Z,0,455,1,152497,535.857000351,0.496000051
1869,2024-10-16T08:45:29.350Z,0,322,1,152498,536.641000271,0.783999920
1870,2024-10-16T08:45:29.481Z,0,5495,147,152499,536.772000074,0.130999804
1871,2024-10-16T08:45:30.018Z,0,2804,8,152500,537.309000015,0.536999941
1872,2024-10-16T08:45:30.358Z,0,734,257,152501,537.649000168,0.340000153
1873,2024-10-16T08:45:31.821Z,0,374,114,152502,539.111999989,1.462999821
1874,2024-10-16T08:45:32.384Z,0,944,26,152503,539.675000191,0.563000202
1875,2024-10-16T08:45:33.710Z,0,682,271,152504,541.001000166,1.325999975
1876,2024-10-16T08:45:34.260Z,0,790,151,152505,541.551000118,0.549999952
1877,2024-10-16T08:45:37.519Z,0,230,20,152506,544.810000181,3.259000063
1878,2024-10-16T08:45:37.612Z,0,54,50,152507,544.903000116,0.092999935
1879,2024-10-16T08:45:38.817Z,0,3533,1,152508,546.108000040,1.204999924
1880,2024-10-16T08:45:39.363Z,0,325,76,152509,546.654000282,0.546000242
1881,2024-10-16T08:45:40.979Z,0,3568,389,152510,548.270000219,1.615999937
1882,2024-10-16T08:45:42.512Z,0,745,231,152511,549.803000212,1.532999992
1883,2024-10-16T08:45:43.028Z,0,26617,2386,152512,550.319000244,0.516000032
1884,2024-10-16T08:45:43.121Z,0,3662,320,152513,550.412000179,0.092999935
1885,2024-10-16T08:45:43.334Z,0,1146,66,152514,550.625000238,0.213000059
1886,2024-10-16T08:45:45.667Z,0,472,66,152515,552.958000183,2.332999945
1887,2024-10-16T08:45:48.012Z,0,716,70,152516,555.303000212,2.345000029
1888,2024-10-16T08:45:49.026Z,0,100,1,152517,556.316999912,1.013999701
1889,2024-10-16T08:45:52.787Z,0,1554,15,152518,560.078000307,3.761000395
1890,2024-10-16T08:45:52.816Z,9,6592,10,152519,560.107000113,0.028999805
1891,2024-10-16T08:45:53.025Z,0,166,11,152520,560.315999985,0.208999872
1892,2024-10-16T08:45:54.362Z,0,330,2,152521,561.653000116,1.337000132
1893,2024-10-16T08:45:56.841Z,0,21241,38,152522,564.131999969,2.478999853
1894,2024-10-16T08:45:57.365Z,0,154,11,152523,564.656000137,0.524000168
1895,2024-10-16T08:45:57.728Z,0,885,144,152524,565.019000053,0.362999916
1896,2024-10-16T08:45:57.921Z,0,572,93,152525,565.212000132,0.193000078
1897,2024-10-16T08:45:58.777Z,0,255,381,152526,566.068000078,0.855999947
1898,2024-10-16T08:45:58.962Z,0,280,458,152527,566.253000021,0.184999943
1899,2024-10-16T08:45:59.979Z,0,3644,1,152528,567.270000219,1.017000198
1900,2024-10-16T08:46:00.863Z,0,400,131,152529,568.154000282,0.884000063
1901,2024-10-16T08:46:02.634Z,0,1846,32,152530,569.924999952,1.770999670
1902,2024-10-16T08:46:03.026Z,0,3568,611,152531,570.316999912,0.391999960
1903,2024-10-16T08:46:03.066Z,0,353,678,152532,570.357000113,0.040000200
1904,2024-10-16T08:46:04.066Z,0,3441,122,152533,571.357000113,1.000000000
1905,2024-10-16T08:46:07.094Z,0,2595,415,152534,574.385000229,3.028000116
1906,2024-10-16T08:46:07.512Z,0,1101,219,152535,574.803000212,0.417999983
1907,2024-10-16T08:46:08.581Z,1,344,41,152536,575.871999979,1.068999767
1908,2024-10-16T08:46:08.825Z,0,326,962,152537,576.116000175,0.244000196
1909,2024-10-16T08:46:09.111Z,1,832,118,152538,576.402000189,0.286000013
1910,2024-10-16T08:46:09.171Z,0,565,680,152539,576.462000132,0.059999943
1911,2024-10-16T08:46:09.333Z,0,895,58,152540,576.624000072,0.161999941
1912,2024-10-16T08:46:09.582Z,1,1138,26,152541,576.873000145,0.249000072
1913,2024-10-16T08:46:10.111Z,1,1328,1,152542,577.402000189,0.529000044
1914,2024-10-16T08:46:10.319Z,0,1202,74,152543,577.610000134,0.207999945
1915,2024-10-16T08:46:10.331Z,1,704,66,152544,577.622000217,0.012000084
1916,2024-10-16T08:46:10.777Z,1,969,90,152545,578.068000078,0.445999861
1917,2024-10-16T08:46:10.812Z,9,6852,10,152546,578.103000164,0.035000086
1918,2024-10-16T08:46:12.311Z,1,914,28,152547,579.602000237,1.499000072
1919,2024-10-16T08:46:13.081Z,1,1170,76,152548,580.371999979,0.769999743
1920,2024-10-16T08:46:13.511Z,0,1925,64,152549,580.802000284,0.430000305
1921,2024-10-16T08:46:14.067Z,1,1710,168,152550,581.358000278,0.555999994
1922,2024-10-16T08:46:14.708Z,0,1727,82,152551,581.999000072,0.640999794
1923,2024-10-16T08:46:14.813Z,0,3560,132,152552,582.104000092,0.105000019
1924,2024-10-16T08:46:14.861Z,1,468,1,152553,582.151999950,0.047999859
1925,2024-10-16T08:46:15.511Z,0,629,807,152554,582.802000284,0.650000334
1926,2024-10-16T08:46:15.565Z,1,470,106,152555,582.855999947,0.053999662
1927,2024-10-16T08:46:16.274Z,1,688,61,152556,583.565000057,0.709000111
1928,2024-10-16T08:46:16.331Z,1,973,26,152557,583.622000217,0.057000160
1929,2024-10-16T08:46:17.311Z,9,5499,10,152558,584.602000237,0.980000019
1930,2024-10-16T08:46:17.581Z,1,1162,89,152559,584.871999979,0.269999743
1931,2024-10-16T08:46:17.756Z,0,1138,5,152560,585.047000170,0.175000191
1932,2024-10-16T08:46:17.774Z,1,876,175,152561,585.065000296,0.018000126
1933,2024-10-16T08:46:17.834Z,1,254,42,152562,585.125000000,0.059999704
1934,2024-10-16T08:46:17.862Z,1,1347,139,152563,585.153000355,0.028000355
1935,2024-10-16T08:46:19.335Z,1,1163,87,152564,586.626000166,1.472999811
1936,2024-10-16T08:46:19.662Z,1,965,76,152565,586.953000307,0.327000141
1937,2024-10-16T08:46:19.811Z,1,913,106,152566,587.102000237,0.148999929
1938,2024-10-16T08:46:20.420Z,0,668,10,152567,587.711000204,0.608999968
1939,2024-10-16T08:46:20.518Z,1,1849,87,152568,587.809000254,0.098000050
1940,2024-10-16T08:46:21.413Z,9,5481,10,152569,588.703999996,0.894999743
1941,2024-10-16T08:46:21.566Z,9,5017,9,152570,588.857000351,0.153000355
1942,2024-10-16T08:46:22.018Z,9,7784,10,152571,589.309000015,0.451999664
1943,2024-10-16T08:46:22.272Z,0,5190,27,152572,589.563000202,0.254000187
1944,2024-10-16T08:46:22.616Z,9,3849,123,152573,589.907000065,0.343999863
1945,2024-10-16T08:46:22.810Z,1,344,352,152574,590.101000071,0.194000006
1946,2024-10-16T08:46:23.025Z,1,260,46,152575,590.315999985,0.214999914
1947,2024-10-16T08:46:23.081Z,1,1722,27,152576,590.371999979,0.055999994
1948,2024-10-16T08:46:23.413Z,1,345,32,152577,590.703999996,0.332000017
1949,2024-10-16T08:46:23.519Z,1,966,202,152578,590.810000181,0.106000185
1950,2024-10-16T08:46:23.589Z,0,961,202,152579,590.880000114,0.069999933
1951,2024-10-16T08:46:23.774Z,1,1498,135,152580,591.065000296,0.185000181
1952,2024-10-16T08:46:23.913Z,9,6639,10,152581,591.203999996,0.138999701
1953,2024-10-16T08:46:24.519Z,0,2909,102,152582,591.810000181,0.606000185
1954,2024-10-16T08:46:24.566Z,1,1155,1,152583,591.857000351,0.047000170
1955,2024-10-16T08:46:24.815Z,1,2420,41,152584,592.106000185,0.248999834
1956,2024-10-16T08:46:25.019Z,9,4642,10,152585,592.310000181,0.203999996
1957,2024-10-16T08:46:25.019Z,1,1275,164,152586,592.310000181,0.000000000
1958,2024-10-16T08:46:25.273Z,1,436,200,152587,592.564000130,0.253999949
1959,2024-10-16T08:46:25.318Z,0,1713,331,152588,592.609000206,0.045000076
1960,2024-10-16T08:46:25.564Z,1,1236,500,152589,592.855000019,0.245999813
1961,2024-10-16T08:46:25.583Z,1,806,110,152590,592.874000311,0.019000292
1962,2024-10-16T08:46:26.348Z,0,6670,458,152591,593.639000177,0.764999866
1963,2024-10-16T08:46:26.565Z,9,3851,126,152592,593.855999947,0.216999769
1964,2024-10-16T08:46:26.581Z,1,694,52,152593,593.871999979,0.016000032
1965,2024-10-16T08:46:26.816Z,0,660,166,152594,594.107000113,0.235000134
1966,2024-10-16T08:46:27.024Z,1,1666,108,152595,594.315000057,0.207999945
1967,2024-10-16T08:46:28.020Z,81,13324,346,152596,595.311000109,0.996000051
1968,2024-10-16T08:46:28.098Z,0,493,24,152597,595.388999939,0.077999830
1969,2024-10-16T08:46:28.316Z,1,1281,116,152598,595.607000113,0.218000174
1970,2024-10-16T08:46:28.326Z,0,2787,3180,152599,595.617000341,0.010000229
1971,2024-10-16T08:46:28.519Z,1,1861,105,152600,595.810000181,0.192999840
1972,2024-10-16T08:46:28.915Z,1,2015,117,152601,596.206000090,0.395999908
1973,2024-10-16T08:46:29.082Z,1,251,51,152602,596.372999907,0.166999817
1974,2024-10-16T08:46:29.162Z,1,2220,102,152603,596.453000069,0.080000162
1975,2024-10-16T08:46:29.271Z,1,841,28,152604,596.562000275,0.109000206
1976,2024-10-16T08:46:29.271Z,1,840,139,152605,596.562000275,0.000000000
1977,2024-10-16T08:46:29.317Z,1,1335,721,152606,596.608000040,0.045999765
1978,2024-10-16T08:46:29.420Z,0,739,1,152607,596.711000204,0.103000164
1979,2024-10-16T08:46:29.567Z,0,665,383,152608,596.858000278,0.147000074
1980,2024-10-16T08:46:29.581Z,1,423,81,152609,596.871999979,0.013999701
1981,2024-10-16T08:46:29.774Z,1,1729,134,152610,597.065000296,0.193000317
1982,2024-10-16T08:46:30.069Z,1,1324,138,152611,597.360000134,0.294999838
1983,2024-10-16T08:46:30.273Z,1,1710,180,152612,597.564000130,0.203999996
1984,2024-10-16T08:46:30.518Z,1,839,125,152613,597.809000254,0.245000124
1985,2024-10-16T08:46:31.836Z,1,1138,26,152614,599.127000093,1.317999840
1986,2024-10-16T08:46:32.416Z,1,686,72,152615,599.707000017,0.579999924
1987,2024-10-16T08:46:32.864Z,9,7007,440,152616,600.155000210,0.448000193
1988,2024-10-16T08:46:32.864Z,1,3248,411,152617,600.155000210,0.000000000
1989,2024-10-16T08:46:32.918Z,1,2185,131,152618,600.209000349,0.054000139
1990,2024-10-16T08:46:33.019Z,1,922,214,152619,600.310000181,0.100999832
1991,2024-10-16T08:46:33.112Z,1,4012,461,152620,600.403000116,0.092999935
1992,2024-10-16T08:46:33.274Z,1,618,205,152621,600.565000057,0.161999941
1993,2024-10-16T08:46:33.359Z,0,884,7,152622,600.650000095,0.085000038
1994,2024-10-16T08:46:33.525Z,1,1006,299,152623,600.815999985,0.165999889
1995,2024-10-16T08:46:33.563Z,1,1012,26,152624,600.854000092,0.038000107
1996,2024-10-16T08:46:34.114Z,0,1247,13,152625,601.404999971,0.550999880
1997,2024-10-16T08:46:34.271Z,0,6931,21,152626,601.562000275,0.157000303
1998,2024-10-16T08:46:34.566Z,1,948,170,152627,601.857000351,0.295000076
1999,2024-10-16T08:46:34.606Z,1,1457,29,152628,601.897000313,0.039999962
